id_these,id_hackaton,Places
ENCPOS_1849_01,h0134,Vézelay
ENCPOS_1849_02,h0306,Paris
ENCPOS_1849_04,h0842,Normandie
ENCPOS_1849_05,h1009,France
ENCPOS_1849_06,h1370,France
ENCPOS_1849_11,h2805,la France
ENCPOS_1850_01,h0729,Moyen
ENCPOS_1850_01,h0729,Renaissance
ENCPOS_1850_03,h1249,Ordonnances
ENCPOS_1850_03,h1249,de France
ENCPOS_1850_03,h1249,XIVe siècles
ENCPOS_1850_05,h2015,Rome
ENCPOS_1850_07,h2955,France
ENCPOS_1851_01,h1876,Paris
ENCPOS_1851_01,h1876,Moyen
ENCPOS_1851_02,h0402,Languedoc
ENCPOS_1851_02,h0402,États d'Alfonse
ENCPOS_1851_02,h0402,Toulouse
ENCPOS_1851_03,h0586,Cornificiens
ENCPOS_1852_01,h1700,Bretagne
ENCPOS_1852_01,h1700,machtyern
ENCPOS_1852_02,h0070,Gaule
ENCPOS_1852_03,h2399,Gaules
ENCPOS_1852_05,h2026,Touraine
ENCPOS_1852_06,h0145,Laon
ENCPOS_1852_07,h2525,Narbonne
ENCPOS_1852_09,h1012,Châtelet de Paris
ENCPOS_1852_10,h0659,XIVe
ENCPOS_1853_01,h1248,la France
ENCPOS_1853_03,h0559,XIVe
ENCPOS_1853_04,h1408,Décrétales
ENCPOS_1854_01,h0373,Saint-Lazare
ENCPOS_1854_02,h0515,France
ENCPOS_1854_03,h0591,Auvergne
ENCPOS_1854_06,h1726,Angleterre
ENCPOS_1854_07,h2285,France
ENCPOS_1854_08,h2690,Aquitaine
ENCPOS_1854_09,h2822,la France
ENCPOS_1855_02,h0520,Essais
ENCPOS_1855_02,h0520,de Besançon
ENCPOS_1855_03,h0852,province ecclésiastique de
ENCPOS_1855_03,h0852,Xe
ENCPOS_1855_04,h1282,Moyen
ENCPOS_1855_05,h1544,Amiens
ENCPOS_1855_06,h1667,France
ENCPOS_1855_07,h2380,Rhône
ENCPOS_1855_08,h2713,France
ENCPOS_1855_08,h2713,XIIIe
ENCPOS_1855_08,h2713,XVIIe
ENCPOS_1856_01,h0092,Gaule
ENCPOS_1856_02,h0239,Monographie
ENCPOS_1856_06,h1457,Dombes
ENCPOS_1856_08,h2607,Collège de Sorbonne
ENCPOS_1856_09,h2840,abbaye de Saint-Médard de Soissons
ENCPOS_1857_03,h1695,XIVe
ENCPOS_1857_04,h1693,Alsace
ENCPOS_1857_05,h1891,comté de Champagne
ENCPOS_1858_02,h0772,abbaye de Vierzon
ENCPOS_1858_03,h0898,Flandre wallonne
ENCPOS_1858_06,h2008,Paris
ENCPOS_1858_07,h2017,Jacquerie
ENCPOS_1858_09,h2615,de France
ENCPOS_1858_10,h2931,Montier-en-Der
ENCPOS_1859_01,h1724,Cahors
ENCPOS_1859_02,h0616,abbaye de Pontigny
ENCPOS_1859_02,h0616,Yonne
ENCPOS_1859_03,h0560,Moyen
ENCPOS_1859_04,h2151,Moyen
ENCPOS_1859_05,h1384,Dijon
ENCPOS_1860_02,h1113,Essais
ENCPOS_1860_03,h1872,Touraine
ENCPOS_1860_05,h2192,Gaule
ENCPOS_1860_06,h2948,Beauvais
ENCPOS_1861_02,h1575,bibliothèque Bodléienne
ENCPOS_1861_03,h2418,roi de France
ENCPOS_1861_05,h2759,Languedoc
ENCPOS_1861_05,h2759,XIVe
ENCPOS_1861_06,h3036,XIVe
ENCPOS_1862_03,h1453,Dauphiné
ENCPOS_1862_04,h1641,Morée
ENCPOS_1862_04,h1641,XIVe
ENCPOS_1862_05,h1715,de France
ENCPOS_1862_07,h2765,France
ENCPOS_1862_08,h2967,Montbéliard
ENCPOS_1863_03,h0410,Saintonge
ENCPOS_1863_05,h1177,diocèse d'Autun
ENCPOS_1863_06,h2765,France
ENCPOS_1863_07,h2640,Poitou
ENCPOS_1863_07,h2640,Xe siècle
ENCPOS_1864_01,h0001,république d'Avignon
ENCPOS_1864_04,h0276,Gaule
ENCPOS_1864_07,h1047,diocèse de Séez
ENCPOS_1864_07,h1047,abbaye de Saint-Martin de Séez
ENCPOS_1864_08,h1148,Lons-le-Saunier
ENCPOS_1864_08,h1148,Salins
ENCPOS_1864_08,h1148,XIVe
ENCPOS_1864_09,h1924,Lex
ENCPOS_1864_09,h1924,Visigothorum
ENCPOS_1864_11,h2416,abbaye de Cluny
ENCPOS_1864_12,h2666,Allemagne
ENCPOS_1864_12,h2666,Dauphiné
ENCPOS_1864_12,h2666,Provence
ENCPOS_1864_12,h2666,Moyen
ENCPOS_1865_01,h0112,XVe siècle
ENCPOS_1865_04,h0439,Brioude
ENCPOS_1865_04,h0439,Juliano
ENCPOS_1865_05,h0870,Moyen
ENCPOS_1865_06,h0927,Jérusalem
ENCPOS_1865_07,h1898,Chypre
ENCPOS_1865_08,h2128,Moyen
ENCPOS_1865_09,h2814,Moyen
ENCPOS_1866_01,h0720,France
ENCPOS_1866_01,h0720,XIVe
ENCPOS_1866_02,h1098,Paris
ENCPOS_1866_02,h1098,XIIIe
ENCPOS_1866_02,h1098,XIVe siècles
ENCPOS_1866_03,h1957,Nevers
ENCPOS_1866_03,h1957,comtesse de Nevers
ENCPOS_1866_04,h2149,XIVe
ENCPOS_1866_05,h2222,Lausanne
ENCPOS_1866_05,h2222,Vienne
ENCPOS_1866_05,h2222,Grenoble
ENCPOS_1866_06,h2852,Moyen
ENCPOS_1866_06,h2852,Occident
ENCPOS_1867_01,h0158,Moyen
ENCPOS_1867_02,h0320,Metz
ENCPOS_1867_04,h0599,Moyen
ENCPOS_1867_05,h0957,Anjou
ENCPOS_1867_05,h0957,Maine
ENCPOS_1867_05,h0957,Touraine
ENCPOS_1867_07,h1835,Moyen Âge
ENCPOS_1867_08,h2614,république de Gênes
ENCPOS_1867_09,h2923,Agenais
ENCPOS_1867_09,h2923,Xe
ENCPOS_1867_10,h3034,abbaye Saint-Victor
ENCPOS_1867_10,h3034,Paris
ENCPOS_1868_03,h0544,Moyen
ENCPOS_1868_04,h0575,Dauphiné
ENCPOS_1868_05,h0928,Normandie
ENCPOS_1868_09,h1535,Brie
ENCPOS_1868_09,h1535,XIVe
ENCPOS_1868_12,h2190,France
ENCPOS_1868_12,h2190,XVe siècle
ENCPOS_1868_13,h2378,XIVe
ENCPOS_1869_01,h1278,XIIe
ENCPOS_1869_02,h1348,église Notre-Dame
ENCPOS_1869_04,h2146,Orléanais
ENCPOS_1869_04,h2146,Moyen Âge
ENCPOS_1869_04,h2146,Renaissance
ENCPOS_1869_05,h2560,abbaye de Baume-les-Moines
ENCPOS_1869_06,h3166,France
ENCPOS_1869_07,h3007,Moyen
ENCPOS_1872_05,h2063,Suisses
ENCPOS_1872_06,h2287,Saintonge
ENCPOS_1872_07,h2631,Rhône
ENCPOS_1872_09,h2893,comté d'Auvergne
ENCPOS_1873_01,h0101,Bibliothèque nationale
ENCPOS_1873_02,h0321,Lyon
ENCPOS_1873_03,h0569,Metz
ENCPOS_1873_03,h0569,XIVe
ENCPOS_1873_04,h0952,Talmond
ENCPOS_1873_05,h0984,Bourgogne
ENCPOS_1873_07,h1787,Limoges
ENCPOS_1873_10,h2396,Poitiers
ENCPOS_1873_12,h2670,Aurillac du XIIIe
ENCPOS_1873_13,h2678,Moyen
ENCPOS_1873_14,h2895,Diana
ENCPOS_1873_14,h2895,Montbrison
ENCPOS_1874_01,h0664,France
ENCPOS_1874_01,h0664,IXe
ENCPOS_1874_02,h1471,la Seine
ENCPOS_1874_02,h1471,XIVe
ENCPOS_1874_02,h1471,Paris
ENCPOS_1874_04,h2388,Saint-Lo
ENCPOS_1875_01,h0380,Moyen
ENCPOS_1875_03,h1909,Méditerranée
ENCPOS_1875_03,h1909,XIVe
ENCPOS_1875_05,h2519,Vivarais
ENCPOS_1875_05,h2519,de France
ENCPOS_1875_06,h2592,Ponthieu
ENCPOS_1875_06,h2592,XIVe siècles
ENCPOS_1875_07,h2654,abbaye de Prémontré
ENCPOS_1875_07,h2654,XIIe
ENCPOS_1875_09,h3012,Bourgogne
ENCPOS_1876_01,h0182,Leicester
ENCPOS_1876_03,h0858,Aymeri de Narbonne
ENCPOS_1876_04,h1155,Notre-Dame de Paris
ENCPOS_1876_04,h1155,Moyen
ENCPOS_1876_05,h1509,Jersey
ENCPOS_1876_05,h1509,Guernesey
ENCPOS_1876_05,h1509,Auregny
ENCPOS_1876_05,h1509,Serk
ENCPOS_1876_06,h2067,Amblainville
ENCPOS_1876_06,h2067,Vexin français
ENCPOS_1876_06,h2067,XVe siècle
ENCPOS_1876_07,h2114,France
ENCPOS_1876_07,h2114,Moyen
ENCPOS_1876_08,h2591,Roussillon
ENCPOS_1876_09,h2976,Lyon
ENCPOS_1876_09,h2976,Lyon
ENCPOS_1877_01,h0032,XVe siècle
ENCPOS_1877_02,h0323,Picquigny
ENCPOS_1877_02,h0323,Amiens
ENCPOS_1877_02,h0323,XIVe
ENCPOS_1877_05,h0987,France
ENCPOS_1878_01,h0084,Moyen
ENCPOS_1878_02,h0362,Vitry-le-François
ENCPOS_1878_03,h0831,Tours
ENCPOS_1878_06,h1158,Senlis
ENCPOS_1878_06,h1158,Moyen
ENCPOS_1878_07,h1223,Lyon
ENCPOS_1878_09,h1946,la France
ENCPOS_1878_09,h1946,Allemagne
ENCPOS_1878_10,h2368,Ponant
ENCPOS_1878_11,h2463,Lyonnais
ENCPOS_1878_11,h2463,XIIIe
ENCPOS_1878_11,h2463,XIVe siècles
ENCPOS_1878_13,h2589,Narbonne
ENCPOS_1878_13,h2589,Moyen
ENCPOS_1879_01,h0394,hôtel royal de Saint-Pol
ENCPOS_1879_01,h0394,Paris
ENCPOS_1879_02,h1109,de France
ENCPOS_1879_02,h1109,Angleterre
ENCPOS_1879_05,h1688,Suisses
ENCPOS_1879_05,h1688,États
ENCPOS_1879_05,h1688,Juin 1512
ENCPOS_1879_07,h2468,La Provence
ENCPOS_1880_01,h0624,Grands Jours de Troyes
ENCPOS_1880_02,h0714,Saint-Spire
ENCPOS_1880_02,h0714,Corbeil
ENCPOS_1880_04,h1078,Orléans
ENCPOS_1880_04,h1078,XIIe-XVIIIe
ENCPOS_1880_08,h2005,Reims
ENCPOS_1880_09,h2263,Paris
ENCPOS_1880_10,h2468,La Provence
ENCPOS_1880_11,h2722,Conon
ENCPOS_1880_11,h2722,Béthune
ENCPOS_1881_01,h0184,ducs de Normandie
ENCPOS_1881_02,h0692,Dieppe
ENCPOS_1881_03,h0918,Moyen
ENCPOS_1881_05,h1202,Gaule
ENCPOS_1881_07,h1393,Toulouse
ENCPOS_1881_07,h1393,Moyen
ENCPOS_1881_07,h1393,XIVe
ENCPOS_1881_08,h1402,Notre-Dame de Paris
ENCPOS_1881_09,h1459,Saint-Germain-des-Prés
ENCPOS_1881_09,h1459,Paris
ENCPOS_1881_09,h1459,abbaye de Saint-Germain-des-Prés
ENCPOS_1881_09,h1459,XIVe
ENCPOS_1881_09,h1459,XVe siècles
ENCPOS_1881_10,h1513,Longueville
ENCPOS_1881_12,h2597,XVe siècle
ENCPOS_1881_13,h3097,Bohême
ENCPOS_1882_01,h0229,XIVe
ENCPOS_1882_01,h0229,Étude
ENCPOS_1882_01,h0229,Saint-Esprit-en-Grève
ENCPOS_1882_01,h0229,Paris
ENCPOS_1882_02,h0393,Université de Caen
ENCPOS_1882_02,h0393,Angleterre
ENCPOS_1882_03,h1459,Marseille
ENCPOS_1882_04,h1877,Orléans
ENCPOS_1882_05,h2261,Gaule
ENCPOS_1882_06,h2262,Paris
ENCPOS_1882_07,h2774,Gênes
ENCPOS_1883_01,h0008,Gellone
ENCPOS_1883_02,h0042,Auvergne
ENCPOS_1883_03,h0270,duché d'Athènes
ENCPOS_1883_03,h0270,Argos
ENCPOS_1883_04,h0453,Paris
ENCPOS_1883_04,h0453,XVe siècle
ENCPOS_1883_05,h0636,Vaudémont
ENCPOS_1883_07,h0759,Temple de Paris
ENCPOS_1883_08,h0819,Paris
ENCPOS_1883_09,h1026,Vosges
ENCPOS_1883_11,h1231,Châtelet de Paris
ENCPOS_1883_11,h1231,Paris
ENCPOS_1883_13,h1895,Isle-Adam
ENCPOS_1883_15,h2122,Brion
ENCPOS_1883_17,h2767,Franche
ENCPOS_1883_18,h2774,Gênes
ENCPOS_1884_02,h0270,duché d'Athènes
ENCPOS_1884_02,h0270,Argos
ENCPOS_1884_03,h0368,Bourgogne
ENCPOS_1884_04,h0448,la France
ENCPOS_1884_04,h0448,XIIIe
ENCPOS_1884_04,h0448,XIVe
ENCPOS_1884_05,h0546,Limoges
ENCPOS_1884_05,h0546,Creuse
ENCPOS_1884_05,h0546,Corrèze
ENCPOS_1884_05,h0546,Haute-Vienne
ENCPOS_1884_07,h1106,Auvergne
ENCPOS_1884_08,h1458,Lyonnais
ENCPOS_1884_08,h1458,Forez
ENCPOS_1884_08,h1458,Beaujolais
ENCPOS_1884_09,h1805,Mézières
ENCPOS_1884_10,h1925,Laon
ENCPOS_1884_11,h1978,Saint-Claude
ENCPOS_1884_13,h2562,Lorris
ENCPOS_1884_14,h2734,Lendit
ENCPOS_1885_01,h0008,Gellone
ENCPOS_1885_02,h0075,Chartres
ENCPOS_1885_07,h1011,Gascogne
ENCPOS_1885_08,h1050,Lorraine
ENCPOS_1885_08,h1050,Bar
ENCPOS_1885_08,h1050,XIVe
ENCPOS_1885_08,h1050,XVe siècle
ENCPOS_1885_09,h1222,la France
ENCPOS_1885_12,h1583,collège d'Autun
ENCPOS_1885_12,h1583,XIVe-XVIIIe
ENCPOS_1885_14,h1814,Île-de-France
ENCPOS_1885_14,h1814,Normandie
ENCPOS_1885_15,h1894,Soissons
ENCPOS_1885_17,h2109,Commercy
ENCPOS_1885_18,h2209,Troyes
ENCPOS_1886_01,h0031,Bourgogne
ENCPOS_1886_02,h0146,Catalogne
ENCPOS_1886_03,h0179,Monographie
ENCPOS_1886_03,h0179,église Saint-Nizier
ENCPOS_1886_03,h0179,Lyon
ENCPOS_1886_04,h0338,XVe siècle
ENCPOS_1886_05,h0478,Béarn 
ENCPOS_1886_05,h0478,XVe siècle
ENCPOS_1886_06,h0715,Bel
ENCPOS_1886_07,h1214,Écorcheurs
ENCPOS_1886_07,h1214,Bourgogne
ENCPOS_1886_08,h1281,Vincennes
ENCPOS_1886_10,h1583,collège d
ENCPOS_1886_10,h1583,XIVe-XVIIIe
ENCPOS_1886_11,h1900,Noyon
ENCPOS_1886_12,h1865,de France
ENCPOS_1886_14,h2209,Troyes
ENCPOS_1886_18,h2934,Montreuil
ENCPOS_1887_01,h0328,Douai
ENCPOS_1887_02,h0744,Hôtel-Dieu
ENCPOS_1887_02,h0744,Paris
ENCPOS_1887_02,h0744,Moyen
ENCPOS_1887_04,h0973,Agen
ENCPOS_1887_05,h1011,Guyenne
ENCPOS_1887_08,h1601,de France
ENCPOS_1887_10,h1717,États souverains de Basse-Navarre
ENCPOS_1887_12,h1814,Île-de-France
ENCPOS_1887_12,h1814,Normandie
ENCPOS_1887_14,h2704,Perche
ENCPOS_1887_16,h2951,Monographie
ENCPOS_1887_16,h2951,cathédrale de Séez
ENCPOS_1887_17,h3070,Mâcon
ENCPOS_1888_01,h0318,Bourgogne
ENCPOS_1888_02,h0328,Douai
ENCPOS_1888_04,h0973,Agen
ENCPOS_1888_06,h1053,Chambre des monnaies
ENCPOS_1888_08,h1611,la France
ENCPOS_1888_08,h1611,Angleterre
ENCPOS_1888_10,h1696,hôpital Notre-Dame
ENCPOS_1888_10,h1696,lez-Seclin
ENCPOS_1888_10,h1696,Nord
ENCPOS_1888_11,h3167,Reims
ENCPOS_1888_12,h2859,Calais
ENCPOS_1888_13,h2934,Montreuil
ENCPOS_1889_01,h0059,de France
ENCPOS_1889_01,h0059,Suisses
ENCPOS_1889_02,h0141,Paris
ENCPOS_1889_03,h0899,Flandre
ENCPOS_1889_03,h0899,Flandre française
ENCPOS_1889_03,h0899,la France
ENCPOS_1889_05,h1068,Amiens
ENCPOS_1889_05,h1068,Arras
ENCPOS_1889_05,h1068,Thérouanne
ENCPOS_1889_06,h1935,Portugal
ENCPOS_1889_06,h1935,Açores
ENCPOS_1889_08,h2311,Alsace
ENCPOS_1889_10,h2526,Tuchins
ENCPOS_1889_12,h2652,Flandre
ENCPOS_1889_12,h2652,Chambre des comptes de Lille
ENCPOS_1889_13,h2849,diocèse de
ENCPOS_1889_13,h2849,Beauvais
ENCPOS_1889_14,h2850,Reims
ENCPOS_1889_15,h2958,abbaye de Saint-Maur-des-Fossés
ENCPOS_1890_01,h0235,Saint-Brieuc
ENCPOS_1890_02,h0288,XIVe
ENCPOS_1890_03,h0650,Berry
ENCPOS_1890_04,h1461,Normandie
ENCPOS_1890_05,h1711,XVe siècle
ENCPOS_1890_06,h1719,sire de
ENCPOS_1890_06,h1719,Coucy
ENCPOS_1890_06,h1719,Soissons
ENCPOS_1890_07,h2007,Carolingiens
ENCPOS_1890_08,h2157,Renaissance
ENCPOS_1890_08,h2157,Maine
ENCPOS_1890_09,h2161,France
ENCPOS_1890_09,h2161,XVIe  
ENCPOS_1890_11,h2492,Angers
ENCPOS_1890_12,h2502,Saint-Esprit
ENCPOS_1890_13,h2625,Angleterre
ENCPOS_1890_13,h2625,Hertford
ENCPOS_1890_13,h2625,Suffolk
ENCPOS_1890_13,h2625,Norfolk
ENCPOS_1890_14,h2740,Anjou
ENCPOS_1890_14,h2740,Provence
ENCPOS_1890_15,h2958,abbaye de Saint-Maur-des-Fossés
ENCPOS_1890_15,h2958,Saint-Eloi
ENCPOS_1890_16,h2965,Picardie
ENCPOS_1890_18,h3086,Languedoc
ENCPOS_1891_01,h0438,Bourbonnais
ENCPOS_1891_04,h1140,de France
ENCPOS_1891_06,h2180,Chartres
ENCPOS_1891_06,h2180,Châteaudun
ENCPOS_1891_06,h2180,Blois
ENCPOS_1891_06,h2180,Troyes
ENCPOS_1891_07,h2740,Anjou
ENCPOS_1891_07,h2740,Provence
ENCPOS_1891_08,h2839,roi de France
ENCPOS_1892_03,h0731,vicomte souverain de Béarn
ENCPOS_1892_04,h0755,Chambre des comptes de Blois
ENCPOS_1892_05,h0853,Avignon
ENCPOS_1892_08,h1823,département du Calvados
ENCPOS_1892_09,h1942,Orléans
ENCPOS_1892_10,h2043,Albi
ENCPOS_1892_10,h2043,Puy
ENCPOS_1892_11,h2398,Ossalois
ENCPOS_1892_12,h2981,de France
ENCPOS_1892_12,h2981,Allemagne
ENCPOS_1893_01,h0039,Troyes
ENCPOS_1893_02,h0641,Langres
ENCPOS_1893_02,h0641,XVe siècle
ENCPOS_1893_03,h0718,Ier
ENCPOS_1893_06,h1559,église Sainte-Madeleine de Troyes
ENCPOS_1893_07,h2429,Berry
ENCPOS_1893_10,h2855,Blois
ENCPOS_1894_01,h0606,Poitou
ENCPOS_1894_01,h0606,Saintonge
ENCPOS_1894_01,h0606,Angoumois
ENCPOS_1894_01,h0606,Trêves
ENCPOS_1894_01,h0606,Guyenne
ENCPOS_1894_04,h1642,Meaux
ENCPOS_1894_07,h2043,Haute-Garonne
ENCPOS_1894_09,h2557,Franche
ENCPOS_1894_10,h3009,Caen
ENCPOS_1894_10,h3009,Caen
ENCPOS_1895_02,h0382,Clermont-en-Beauvaisis
ENCPOS_1895_04,h0917,Mans
ENCPOS_1895_04,h0917,Tours
ENCPOS_1895_05,h1076,Douai
ENCPOS_1895_05,h1076,XVe siècle
ENCPOS_1895_06,h1372,Sedan
ENCPOS_1895_08,h1874,Hôtel-Dieu
ENCPOS_1895_08,h1874,Coutances
ENCPOS_1895_09,h2450,abbaye Saint-Pierre
ENCPOS_1895_09,h2450,Corbie
ENCPOS_1895_09,h2450,XVe siècle
ENCPOS_1895_10,h2635,Montbéliard
ENCPOS_1895_10,h2635,Xe
ENCPOS_1896_01,h1607,Chambre des comptes de ses origines à la fin du XIVe siècle
ENCPOS_1896_02,h1817,Artois
ENCPOS_1896_02,h1817,Artois
ENCPOS_1896_04,h2542,Lusignan
ENCPOS_1896_05,h2746,département de l'Allier
ENCPOS_1896_06,h2763,diocèse de
ENCPOS_1896_08,h2963,abbaye de Longchamp
ENCPOS_1896_08,h2963,XIIIe
ENCPOS_1896_08,h2963,XVIIe
ENCPOS_1897_03,h1002,Paris
ENCPOS_1897_05,h1722,Lymoges
ENCPOS_1897_07,h2069,Avignon
ENCPOS_1897_08,h2112,France
ENCPOS_1897_08,h2112,XVIIe
ENCPOS_1897_09,h2141,Blanches Mains
ENCPOS_1897_11,h2364,Noyon
ENCPOS_1897_11,h2364,XVe siècle
ENCPOS_1898_03,h0507,Collège de Montaigu
ENCPOS_1898_03,h0507,Paris
ENCPOS_1898_04,h0768,de France
ENCPOS_1898_05,h0877,prévôté de Paris
ENCPOS_1898_10,h1969,Corbie
ENCPOS_1898_13,h2543,Rouergue
ENCPOS_1898_14,h2559,roi de Navarre
ENCPOS_1898_14,h2559,la France
ENCPOS_1898_15,h2795,Mendoza
ENCPOS_1898_15,h2795,Espagne
ENCPOS_1898_15,h2795,XVe siècle
ENCPOS_1898_16,h3050,Saint-Benoît-sur-Loire
ENCPOS_1899_02,h1114,Saint-Martin-des-Champs
ENCPOS_1899_02,h1114,XIVe
ENCPOS_1899_02,h1114,XVe siècles
ENCPOS_1899_04,h1545,Reims
ENCPOS_1899_04,h1545,XIIe
ENCPOS_1899_05,h1772,Chartres
ENCPOS_1899_06,h1786,abbaye de
ENCPOS_1899_06,h1786,Saint-Martial
ENCPOS_1899_06,h1786,Limoges
ENCPOS_1899_07,h1954,Occident
ENCPOS_1899_08,h1862,Vivarais
ENCPOS_1899_09,h2029,la France
ENCPOS_1899_11,h2356,Normandie
ENCPOS_1899_12,h2539,royaume de Provence
ENCPOS_1899_13,h2587,Collège des Cholets
ENCPOS_1899_15,h2874,de France
ENCPOS_1900_01,h0242,Inde
ENCPOS_1900_01,h0242,Le général Lally
ENCPOS_1900_03,h0492,Catalogne
ENCPOS_1900_05,h0869,Cambrésis
ENCPOS_1900_05,h0869,comtes de
ENCPOS_1900_05,h0869,Flandre
ENCPOS_1900_05,h0869,Cambrai
ENCPOS_1900_06,h0945,la France
ENCPOS_1900_06,h0945,Angleterre
ENCPOS_1900_07,h1072,diocèse de
ENCPOS_1900_08,h1157,de France
ENCPOS_1900_08,h1157,Turquie
ENCPOS_1900_10,h1279,XIVe siècles
ENCPOS_1900_11,h1465,Senlis
ENCPOS_1900_12,h1825,Saint-Gervais
ENCPOS_1900_12,h1825,XVIIe siècle
ENCPOS_1900_13,h2090,duché de Nemours
ENCPOS_1900_14,h2505,Luxeuil
ENCPOS_1900_15,h2815,de France
ENCPOS_1900_16,h3064,Vexin normand de 911
ENCPOS_1900_17,h3068,Hôtel-Dieu
ENCPOS_1900_17,h3068,XVIIe siècle
ENCPOS_1901_01,h0205,Reims
ENCPOS_1901_03,h0433,Laon
ENCPOS_1901_05,h1228,nantes
ENCPOS_1901_05,h1228,XVIIe
ENCPOS_1901_05,h1228,XVIIIe
ENCPOS_1901_06,h1233,Saint-Martin-des-Champs
ENCPOS_1901_06,h1233,Paris
ENCPOS_1901_08,h1316,abbaye de Sainte-Geneviève
ENCPOS_1901_08,h1316,Paris
ENCPOS_1901_09,h1802,abbaye de Molesme
ENCPOS_1901_09,h1802,évêché de Langres
ENCPOS_1901_09,h1802,XIe-XIIIe siècles
ENCPOS_1901_10,h1923,Chartres
ENCPOS_1901_11,h1967,abbaye de Marmoutier
ENCPOS_1901_12,h2199,Suisse
ENCPOS_1901_13,h2405,Saintonge
ENCPOS_1901_13,h2405,Aunis
ENCPOS_1901_13,h2405,La Rochelle
ENCPOS_1901_14,h2464,Auxerre
ENCPOS_1901_16,h2776,Armagnac
ENCPOS_1901_16,h2776,XVe siècle
ENCPOS_1902_02,h0778,Antilles
ENCPOS_1902_03,h1314,Bourgogne
ENCPOS_1902_03,h1314,Arras
ENCPOS_1902_04,h1404,Moyen
ENCPOS_1902_05,h1454,Franche
ENCPOS_1902_05,h1454,XIVe
ENCPOS_1902_06,h1571,Paris
ENCPOS_1902_07,h1684,Portugal
ENCPOS_1902_07,h1684,XVIIe
ENCPOS_1902_09,h1851,forêt de Retz
ENCPOS_1902_11,h2431,Angleterre
ENCPOS_1902_12,h2552,forêt de Roumare
ENCPOS_1903_01,h0105,Bourgogne
ENCPOS_1903_02,h0303,la France
ENCPOS_1903_03,h0391,Soissons
ENCPOS_1903_04,h0440,Belleville
ENCPOS_1903_05,h0658,Sèvre Niortaise
ENCPOS_1903_05,h0658,Lay du Xe
ENCPOS_1903_07,h1077,Anjou
ENCPOS_1903_07,h1077,Malcontents
ENCPOS_1903_07,h1077,Pays-Bas
ENCPOS_1903_09,h1334,comté Venaissin
ENCPOS_1903_11,h1598,Rhône
ENCPOS_1903_11,h1598,Tournon
ENCPOS_1903_11,h1598,Moyen
ENCPOS_1903_13,h2111,d'Espagne
ENCPOS_1903_13,h2111,roi d'Aragon
ENCPOS_1903_13,h2111,Provencce
ENCPOS_1903_14,h2376,roi d'Aragon
ENCPOS_1904_01,h0026,Laon
ENCPOS_1904_04,h0751,Collège de Boissy
ENCPOS_1904_06,h0845,Rodez
ENCPOS_1904_06,h0845,XIIe
ENCPOS_1904_09,h1066,département du Calvados
ENCPOS_1904_10,h1489,comté d'Anjou
ENCPOS_1904_10,h1489,Foulque
ENCPOS_1904_11,h1520,Die
ENCPOS_1904_12,h1906,Labourd
ENCPOS_1904_12,h1906,XVe
ENCPOS_1904_12,h1906,XVIIIe
ENCPOS_1904_14,h2201,XVe siècle
ENCPOS_1904_16,h2234,Saint-Siège
ENCPOS_1904_16,h2234,royaume de France
ENCPOS_1904_17,h2375,Burie
ENCPOS_1904_17,h2375,Guyenne
ENCPOS_1904_18,h2420,Castres
ENCPOS_1905_01,h0094,Bigorre
ENCPOS_1905_01,h0094,Debita
ENCPOS_1905_01,h0094,Bigorrensi
ENCPOS_1905_02,h0157,Orléans
ENCPOS_1905_03,h0404,Lisieux
ENCPOS_1905_04,h0405,Tours
ENCPOS_1905_04,h0405,VIIIe-XIe
ENCPOS_1905_05,h0471,Collège de Fortet
ENCPOS_1905_10,h0845,Saint-Germain-l'Auxerrois
ENCPOS_1905_10,h0845,Paris
ENCPOS_1905_11,h1606,royaume de Bourgogne
ENCPOS_1905_11,h1606,la France
ENCPOS_1905_12,h1962,abbaye de Cluny
ENCPOS_1905_12,h1962,Saint-siège
ENCPOS_1905_13,h2002,évêque de Fréjus
ENCPOS_1905_15,h2551,Montmartre
ENCPOS_1905_16,h2561,comté de Bourgogne
ENCPOS_1905_17,h2696,Notre-dame-aux-Nonnains
ENCPOS_1905_17,h2696,troyes
ENCPOS_1906_03,h0248,Saint-Etienne de Troyes
ENCPOS_1906_04,h0482,Collège de Laon
ENCPOS_1906_04,h0482,Paris
ENCPOS_1906_05,h0484,Lyon
ENCPOS_1906_06,h0588,Moyen Âge
ENCPOS_1906_06,h0588,XIe-XIIIe siècles
ENCPOS_1906_08,h0699,Nord
ENCPOS_1906_08,h0699,Alpes
ENCPOS_1906_09,h0705,Nivernais
ENCPOS_1906_09,h0705,XVIIIe
ENCPOS_1906_10,h0470,Paris
ENCPOS_1906_12,h1115,Vienne
ENCPOS_1906_12,h1115,XIVe
ENCPOS_1906_12,h1115,XVe siècles
ENCPOS_1906_14,h1414,Limoges
ENCPOS_1906_17,h2119,abbaye de Jumièges
ENCPOS_1906_17,h2119,Seine
ENCPOS_1906_18,h2676,abbaye de Saint-Remi de Reims
ENCPOS_1906_18,h2676,commende
ENCPOS_1907_01,h0060,Senlis 
ENCPOS_1907_02,h0497,Bretagne
ENCPOS_1907_03,h0623,Épinal
ENCPOS_1907_03,h0623,Metz
ENCPOS_1907_05,h0676,abbaye de Marmoutier
ENCPOS_1907_06,h0794,abbaye de Saint-Médard de Soissons
ENCPOS_1907_06,h0794,XIVe
ENCPOS_1907_07,h0888,comtes d'Angoulême
ENCPOS_1907_08,h0904,Bourgogne
ENCPOS_1907_09,h1218,Échiquier de Normandie
ENCPOS_1907_11,h1565,Cluny
ENCPOS_1907_12,h1788,comté du Maine
ENCPOS_1907_13,h2150,roi d'Aragon
ENCPOS_1907_14,h2283,Piémont
ENCPOS_1907_17,h2679,abbé de Sahagun
ENCPOS_1907_17,h2679,Tolède
ENCPOS_1907_17,h2679,Espagne
ENCPOS_1907_19,h2736,Roucy
ENCPOS_1908_02,h0220,département de l'Allier
ENCPOS_1908_03,h0316,roi de France
ENCPOS_1908_04,h0444,Ponthieu
ENCPOS_1908_04,h0444,XIe
ENCPOS_1908_05,h0467,Hôtel royal des Invalides
ENCPOS_1908_06,h1014,Soissonnais
ENCPOS_1908_07,h1164,Eclogae
ENCPOS_1908_08,h1216,de France
ENCPOS_1908_09,h1405,La Provence
ENCPOS_1908_10,h1781,Gaule mérovingienne
ENCPOS_1908_11,h1811,Bourbonnais
ENCPOS_1908_11,h1811,XIVe siècles
ENCPOS_1908_12,h2108,Chambre des comptes de Paris
ENCPOS_1908_13,h2137,marais de Bordeaux
ENCPOS_1908_13,h2137,Bruges
ENCPOS_1908_14,h2198,Beaucaire
ENCPOS_1908_15,h2278,Longlée
ENCPOS_1908_15,h2278,de France
ENCPOS_1908_15,h2278,Madrid
ENCPOS_1908_15,h2278,la France
ENCPOS_1908_15,h2278,l'Espagne
ENCPOS_1908_16,h2633,seigneurie de Montfort
ENCPOS_1908_16,h2633,Chartres
ENCPOS_1908_16,h2633,duché de Bretagne
ENCPOS_1908_16,h2633,Xe-XIVe
ENCPOS_1908_17,h2790,abbaye de Saint-Martin de Troarn
ENCPOS_1908_17,h2790,diocèse de Bayeux
ENCPOS_1908_19,h2991,Rouen
ENCPOS_1908_19,h2991,XVIIIe
ENCPOS_1909_01,h0197,Saint-Corneille
ENCPOS_1909_03,h0408,Hôtel-Dieu d'Orléans
ENCPOS_1909_03,h0408,Moyen Âge
ENCPOS_1909_04,h1291,Guyenne
ENCPOS_1909_05,h1405,Maillebois
ENCPOS_1909_06,h1473,la France
ENCPOS_1909_07,h1736,Béarn
ENCPOS_1909_08,h1757,département du Morbihan
ENCPOS_1909_09,h1815,de France
ENCPOS_1909_10,h1885,Bouquechardière de Jean de Courcy
ENCPOS_1909_11,h1999,Morée
ENCPOS_1909_13,h2737,Paris
ENCPOS_1910_01,h0002,Chartes
ENCPOS_1910_03,h0114,Bordelais
ENCPOS_1910_03,h0114,Moyen
ENCPOS_1910_04,h0628,Comté Venaissin
ENCPOS_1910_05,h0629,cathédrale de
ENCPOS_1910_05,h0629,Troyes
ENCPOS_1910_06,h0678,Castres
ENCPOS_1910_07,h0851,Saint-Germain-l'Auxerrois
ENCPOS_1910_07,h0851,Paris
ENCPOS_1910_07,h0851,XIIIe
ENCPOS_1910_07,h0851,XIVe
ENCPOS_1910_08,h1108,Formaiton
ENCPOS_1910_08,h1108,département du
ENCPOS_1910_10,h1264,cimetière des Saints-Innocents
ENCPOS_1910_12,h1551,États d'Artois
ENCPOS_1910_14,h1602,Chapitre cathédral de
ENCPOS_1910_14,h1602,Digne
ENCPOS_1910_15,h1992,Toulouse
ENCPOS_1910_15,h1992,XIIe
ENCPOS_1910_16,h1996,Paris
ENCPOS_1910_16,h1996,XVIIe
ENCPOS_1910_16,h1996,XVIIe siècles
ENCPOS_1910_17,h2022,Maine
ENCPOS_1910_17,h2022,ville du Mans
ENCPOS_1910_18,h2160,Pays-Bas
ENCPOS_1910_20,h2737,Paris
ENCPOS_1910_21,h2745,abbaye de Montmajour
ENCPOS_1910_21,h2745,XVe siècle
ENCPOS_1910_22,h2748,église Saint-Marcel
ENCPOS_1910_22,h2748,Paris
ENCPOS_1911_01,h0260,États du duché de Bourgogne
ENCPOS_1911_02,h0272,abbaye royale de Saint-Martin de Laon
ENCPOS_1911_04,h0732,XVIIIe
ENCPOS_1911_05,h0808,Eaux
ENCPOS_1911_05,h0808,Forêts
ENCPOS_1911_06,h0890,abbaye de Sainte-Colombe de Sens
ENCPOS_1911_07,h0901,Bonnivet
ENCPOS_1911_08,h1080,Hôpital général des pauvres de Paris
ENCPOS_1911_08,h1080,XVIIe
ENCPOS_1911_09,h1200,Terre d'Auvergne
ENCPOS_1911_10,h1920,abbaye Saint-Victor
ENCPOS_1911_11,h2022,Maine
ENCPOS_1911_12,h2160,Pays-Bas
ENCPOS_1911_13,h2379,Paris
ENCPOS_1911_14,h2441,Ancenis
ENCPOS_1911_15,h2461,XVIIIe
ENCPOS_1911_15,h2461,Limoges
ENCPOS_1911_18,h2987,cathédrale de Bayeux
ENCPOS_1911_19,h3001,Grande Confrérie Notre-Dame
ENCPOS_1911_19,h3001,Paris
ENCPOS_1912_01,h0117,Vieux
ENCPOS_1912_02,h0272,abbaye royale de Saint-Martin de Laon
ENCPOS_1912_03,h0358,cathédrale de Toul
ENCPOS_1912_04,h1344,la France
ENCPOS_1912_06,h1604,XIVe
ENCPOS_1912_07,h1651,Chambre des comptes d
ENCPOS_1912_07,h1651,Angers
ENCPOS_1912_08,h1989,Mantoue
ENCPOS_1912_08,h1989,duc de Nevers
ENCPOS_1912_09,h2126,Inquisition
ENCPOS_1912_09,h2126,Dauphiné
ENCPOS_1912_09,h2126,XIVe
ENCPOS_1912_10,h2353,Périgueux
ENCPOS_1912_10,h2353,XIVe
ENCPOS_1912_11,h2738,rivière de Maine
ENCPOS_1912_12,h2819,Saint-Christophe
ENCPOS_1912_12,h2819,îles de l'Amérique
ENCPOS_1912_13,h3032,église Saint-Séverin de
ENCPOS_1913_01,h0148,XVIIIe
ENCPOS_1913_01,h0148,Bas-Poitou
ENCPOS_1913_02,h0199,abbaye de Saint-Père de Chartres
ENCPOS_1913_04,h0851,Saint-Germain-l'Auxerrois
ENCPOS_1913_04,h0851,Paris
ENCPOS_1913_08,h1456,Lyon
ENCPOS_1913_10,h1808,Quercy
ENCPOS_1913_11,h2023,XVe siècle
ENCPOS_1913_12,h2030,abbaye de Cercamp
ENCPOS_1913_12,h2030,Amiens
ENCPOS_1913_14,h2988,Cité de Dieu
ENCPOS_1914_01,h0142,abbaye de la Chaise
ENCPOS_1914_02,h0344,la Vache
ENCPOS_1914_02,h0344,Arsenal
ENCPOS_1914_03,h0364,Chapitre de Saint-Dié
ENCPOS_1914_03,h0364,Lorraine
ENCPOS_1914_04,h0416,monastère de Saint-Magloire
ENCPOS_1914_05,h0884,forêt de Fontainebleau
ENCPOS_1914_05,h0884,Moyen Âge
ENCPOS_1914_06,h0916,Lorraine
ENCPOS_1914_06,h0916,XVe siècle
ENCPOS_1914_07,h2010,archevêché de Bourges
ENCPOS_1914_10,h2250,Cluny
ENCPOS_1914_10,h2250,Xe
ENCPOS_1914_11,h2501,la Bretagne
ENCPOS_1914_11,h2501,Angleterre
ENCPOS_1914_12,h2626,Royaume de Naples
ENCPOS_1916_01,h1075,la France
ENCPOS_1916_02,h1175,Poitou
ENCPOS_1916_02,h1175,ducs d'
ENCPOS_1916_02,h1175,Aquitaine
ENCPOS_1917_01,h0073,Chapitre de Sainte-Opportune
ENCPOS_1917_02,h0935,Troyes
ENCPOS_1917_03,h1028,Aix-en-Provence
ENCPOS_1917_04,h1658,de France
ENCPOS_1917_05,h1662,forêt d'Yveline
ENCPOS_1917_06,h2028,XVIIIe
ENCPOS_1917_07,h2081,Tours
ENCPOS_1917_08,h2478,Troyes
ENCPOS_1918_01,h0412,Provence
ENCPOS_1918_03,h1624,Chambre des comptes de Paris
ENCPOS_1919_01,h1934,Toulouse
ENCPOS_1919_02,h2131,Amiens
ENCPOS_1919_03,h2714,Troyes
ENCPOS_1920_01,h0871,États de Provence
ENCPOS_1920_01,h0871,Provence
ENCPOS_1920_01,h0871,la France
ENCPOS_1920_04,h1570,église Saint-Pierre de Caen
ENCPOS_1920_05,h1809,port de Grève
ENCPOS_1920_06,h2052,Auvergne
ENCPOS_1920_07,h2407,Wallons
ENCPOS_1920_08,h2897,Renaissance
ENCPOS_1920_08,h2897,Paris
ENCPOS_1920_08,h2897,Parisis
ENCPOS_1920_08,h2897,Vexin
ENCPOS_1920b_01,h0733,abbaye de Pontigny
ENCPOS_1920b_02,h0839,France
ENCPOS_1921_01,h0020,de Béziers
ENCPOS_1921_01,h0020,Albi
ENCPOS_1921_01,h0020,Carcassonne
ENCPOS_1921_02,h0048,Ile de la Cité
ENCPOS_1921_03,h0177,abbaye cistercienne de la Noë
ENCPOS_1921_03,h0177,Evreux
ENCPOS_1921_03,h0177,Conches
ENCPOS_1921_04,h0188,La Provence
ENCPOS_1921_05,h0789,Chapitre de Saint-Honoré
ENCPOS_1921_07,h1656,Bretagne
ENCPOS_1921_07,h1656,Bretagne
ENCPOS_1921_08,h2232,Maine
ENCPOS_1921_08,h2232,XVIIIe
ENCPOS_1921_10,h1972,Winville
ENCPOS_1921_12,h2115,Dol
ENCPOS_1921_14,h2556,Tréguier
ENCPOS_1921_17,h3014,abbaye d'Almenêches
ENCPOS_1921b_01,h1701,de France
ENCPOS_1922_01,h0124,Paris
ENCPOS_1922_04,h0177,abbaye de la Noë
ENCPOS_1922_05,h0407,Normandie
ENCPOS_1922_06,h0443,Salon
ENCPOS_1922_06,h0443,Moyen Âge
ENCPOS_1922_07,h0466,Riom
ENCPOS_1922_08,h0675,Tours
ENCPOS_1922_09,h1013,Bastides de l'Astarac
ENCPOS_1922_09,h1013,Pardiac
ENCPOS_1922_10,h1422,Collège du Plessis
ENCPOS_1922_11,h1647,Méditerranée
ENCPOS_1922_12,h2134,Saint-Ouen de Rouen
ENCPOS_1922_13,h2177,abbaye de Saint-Père de Chartres
ENCPOS_1922_14,h2202,abbaye Saint-Père de Chartres
ENCPOS_1923_01,h0214,comtes de Flandre
ENCPOS_1923_01,h0214,abbaye de Saint-Bertin
ENCPOS_1923_02,h0389,Reims
ENCPOS_1923_03,h0795,Bar
ENCPOS_1923_03,h0795,Verdun
ENCPOS_1923_04,h0840,abbaye de Montier-en-Der
ENCPOS_1923_05,h0919,Anjou
ENCPOS_1923_06,h1382,Guyenne
ENCPOS_1923_07,h1403,de France
ENCPOS_1923_08,h2186,Basse-Alsace
ENCPOS_1923_09,h2337,comtes de Boulogne
ENCPOS_1923_10,h2493,Anjou
ENCPOS_1923_10,h2493,XVe siècle
ENCPOS_1923_11,h2904,comtes de Blois
ENCPOS_1923_12,h2927,comtes de la Marche de la maison de
ENCPOS_1923_12,h2927,Charroux
ENCPOS_1923_12,h2927,Xe siècle–1177
ENCPOS_1924_01,h0078,comtes de
ENCPOS_1924_01,h0078,Périgord
ENCPOS_1924_01,h0078,Périgord
ENCPOS_1924_01,h0078,Quercy
ENCPOS_1924_01,h0078,XIVe
ENCPOS_1924_03,h0223,Poitou
ENCPOS_1924_04,h0319,Saint-Rion
ENCPOS_1924_04,h0319,Beauport
ENCPOS_1924_04,h0319,Saint-Brieuc
ENCPOS_1924_05,h0563,Arisitum
ENCPOS_1924_06,h0832,royaume de France
ENCPOS_1924_09,h1364,Levant
ENCPOS_1924_10,h1505,XIVe
ENCPOS_1924_10,h1505,XVe siècle
ENCPOS_1924_11,h1626,Paris
ENCPOS_1924_12,h2099,Neufchâteau
ENCPOS_1924_12,h2099,Lorraine
ENCPOS_1924_12,h2099,Moyen
ENCPOS_1924_13,h2191,Saint-Jacques
ENCPOS_1924_13,h2191,Boucherie
ENCPOS_1924_14,h2203,Escaut
ENCPOS_1924_16,h2949,comté de Forcalquier
ENCPOS_1925_01,h0147,abbaye des Fossés
ENCPOS_1925_02,h0245,Angoumois
ENCPOS_1925_03,h0319,Saint-Rion
ENCPOS_1925_03,h0319,Beauport
ENCPOS_1925_03,h0319,Prémontrés
ENCPOS_1925_03,h0319,Beauport
ENCPOS_1925_04,h0434,Hôtes
ENCPOS_1925_04,h0434,Moyen
ENCPOS_1925_05,h1092,Rodez
ENCPOS_1925_05,h1092,XIVe
ENCPOS_1925_06,h1272,la France
ENCPOS_1925_07,h1573,abbaye Notre-Dame de Déols
ENCPOS_1925_08,h1919,Saint-Julien
ENCPOS_1925_08,h1919,Brioude
ENCPOS_1925_09,h2225,Neuchâtel-le-Lac
ENCPOS_1925_09,h2225,Moyen
ENCPOS_1925_10,h2257,Vertus
ENCPOS_1925_11,h0257,XIVe
ENCPOS_1925_12,h2342,Temporel des Prieurés simples dépendant de
ENCPOS_1925_12,h2342,Saint-Martin-des-Champs
ENCPOS_1925_12,h2342,Inventaire
ENCPOS_1925_12,h2342,XIVe
ENCPOS_1925_15,h2929,Bretagne
ENCPOS_1925_15,h2929,Saint-Brieuc
ENCPOS_1925_15,h2929,Nantes
ENCPOS_1926_01,h0007,Coëtivy
ENCPOS_1926_02,h0057,Bellevaux
ENCPOS_1926_02,h0057,Franche
ENCPOS_1926_03,h0564,Psalmodi
ENCPOS_1926_04,h0991,Bourgogne
ENCPOS_1926_05,h1089,Poitou
ENCPOS_1926_07,h1230,marquisat de
ENCPOS_1926_07,h1230,Flandre
ENCPOS_1926_07,h1230,duché de Basse-Lotharingie
ENCPOS_1926_08,h1470,Roannais
ENCPOS_1926_08,h1470,Forez
ENCPOS_1926_09,h1512,château de Loches
ENCPOS_1926_10,h1537,communauté de la Grande Boucherie
ENCPOS_1926_10,h1537,Paris
ENCPOS_1926_11,h1775,Grande Chancellerie
ENCPOS_1926_12,h2057,Moyen
ENCPOS_1926_12,h2057,Honfleur
ENCPOS_1926_14,h2215,Chastel
ENCPOS_1926_16,h2438,Lyon
ENCPOS_1926_16,h2438,XVe siècle
ENCPOS_1926_18,h3017,États du Mâconnais
ENCPOS_1926_18,h3017,XIVe
ENCPOS_1926_18,h3017,XVe siècles
ENCPOS_1927_01,h0150,Neuchâtel
ENCPOS_1927_01,h0150,Luxembourg
ENCPOS_1927_03,h0486,Puy
ENCPOS_1927_03,h0486,abbé de
ENCPOS_1927_05,h1007,Saint-Pourçain
ENCPOS_1927_06,h1277,Grasse
ENCPOS_1927_06,h1277,Provence
ENCPOS_1927_09,h1908,Pléiade 
ENCPOS_1927_12,h2193,Paris
ENCPOS_1927_13,h2231,Velay
ENCPOS_1927_14,h2638,abbaye d'Obazine
ENCPOS_1927_14,h2638,Bas-Limousin
ENCPOS_1928_02,h0602,Temple de Breuil
ENCPOS_1928_03,h0985,France
ENCPOS_1928_05,h1128,Alsace
ENCPOS_1928_06,h1136,Sud-Ouest
ENCPOS_1928_07,h1905,Gaucher de Châtillon
ENCPOS_1928_08,h1837,Langres
ENCPOS_1928_09,h1994,Mantes
ENCPOS_1928_10,h2383,seigneurie d'Apremont
ENCPOS_1928_11,h2762,Ambronay
ENCPOS_1928_12,h2996,Saint-Augustin
ENCPOS_1929_02,h0225,Navarre
ENCPOS_1929_03,h0268,Ile de France
ENCPOS_1929_03,h0268,Ile maurice
ENCPOS_1929_04,h0279,Harfleur
ENCPOS_1929_04,h0279,du Havre
ENCPOS_1929_06,h0838,Tarascon
ENCPOS_1929_07,h0949,Châtellenie de Pont-de-Vaux
ENCPOS_1929_07,h0949,Châtelains
ENCPOS_1929_09,h0986,monastère de Saint-Louis de Poissy
ENCPOS_1929_10,h1008,Etampes
ENCPOS_1929_11,h1354,Inde
ENCPOS_1929_11,h1354,Français
ENCPOS_1929_12,h1378,Saint-Gilles-du-Gard
ENCPOS_1929_13,h1527,Naples
ENCPOS_1929_16,h2059,Chalon-sur-Saône
ENCPOS_1929_18,h2403,Florac
ENCPOS_1929_19,h2491,de Besançon
ENCPOS_1929_20,h2705,Comtes de Provence
ENCPOS_1929_21,h2918,Chazelles-en-Forez
ENCPOS_1929_21,h2918,XVe siècle
ENCPOS_1929_22,h3073,Réponse de la Dame
ENCPOS_1930_01,h0153,Argentens
ENCPOS_1930_03,h0351,Moyen
ENCPOS_1930_04,h0925,Cahors
ENCPOS_1930_05,h1215,forêt de Saint-Germain-en-Laye
ENCPOS_1930_05,h1215,XVIIIe
ENCPOS_1930_06,h1284,en Bretagne
ENCPOS_1930_07,h1373,port de
ENCPOS_1930_07,h1373,Brest
ENCPOS_1930_08,h1735,XIVe
ENCPOS_1930_08,h1735,XVe siècle
ENCPOS_1930_09,h1804,Basse-Bretagne
ENCPOS_1930_10,h2034,Bressuire
ENCPOS_1930_11,h2158,Martinique
ENCPOS_1930_14,h2650,?-1503
ENCPOS_1931_02,h0255,monastère Notre-Dame d
ENCPOS_1931_03,h0785,La France
ENCPOS_1931_03,h0785,Côte Coromandel
ENCPOS_1931_03,h0785,rappel de Dupleix
ENCPOS_1931_07,h3019,abbaye Saint-Antoine-des-Champs
ENCPOS_1931_08,h1207,comté de
ENCPOS_1931_09,h1241,Berry
ENCPOS_1931_09,h1241,Inventaire
ENCPOS_1931_10,h1413,France
ENCPOS_1931_11,h1468,diocèse de
ENCPOS_1931_11,h1468,Cambrai
ENCPOS_1931_13,h1643,Bourges
ENCPOS_1931_14,h1652,Basse-Alsace
ENCPOS_1931_16,h1783,Najac
ENCPOS_1931_16,h1783,Rouergue
ENCPOS_1931_17,h1833,royaume d'
ENCPOS_1931_17,h1833,Arles
ENCPOS_1931_17,h1833,France
ENCPOS_1931_20,h2473,Bénéfices
ENCPOS_1931_20,h2473,Notre-Dame de Paris
ENCPOS_1931_21,h2744,comtes d'Albon
ENCPOS_1931_21,h2744,Viennois
ENCPOS_1931_22,h2926,Savoie
ENCPOS_1932_01,h0004,Moyen
ENCPOS_1932_03,h0398,comté d'Anjou
ENCPOS_1932_05,h0553,abbaye de Fécamp
ENCPOS_1932_08,h1049,Navarre
ENCPOS_1932_08,h1049,Aragon
ENCPOS_1932_08,h1049,Castille
ENCPOS_1932_09,h1208,Commercy
ENCPOS_1932_10,h1866,abbaye de Saint-Denis
ENCPOS_1932_10,h1866,province ecclésiastique de
ENCPOS_1932_11,h2247,Combraille
ENCPOS_1932_11,h2247,Auvergne
ENCPOS_1932_11,h2247,Franc-Alleu
ENCPOS_1932_12,h2498,Mende
ENCPOS_1932_15,h3002,Angers
ENCPOS_1932_17,h3026,Sully
ENCPOS_1932_18,h3065,abbaye de Saint-Satur
ENCPOS_1932_18,h3065,Sancerre
ENCPOS_1932_18,h3065,diocèse de Bourges
ENCPOS_1933_01,h0667,Orléans
ENCPOS_1933_02,h0863,Pontoise
ENCPOS_1933_02,h0863,Rouen
ENCPOS_1933_02,h0863,Pontoise
ENCPOS_1933_03,h0960,du Maine
ENCPOS_1933_04,h1120,Bas-Languedoc
ENCPOS_1933_04,h1120,Xe
ENCPOS_1933_05,h1475,Rouen
ENCPOS_1933_07,h1659,quartier des Halles
ENCPOS_1933_07,h1659,Paris
ENCPOS_1933_08,h1824,abbaye de Saint-Amand
ENCPOS_1933_08,h1824,Rouen
ENCPOS_1933_09,h1915,XIe-XIVe
ENCPOS_1933_11,h2242,Paris
ENCPOS_1933_12,h2252,abbaye de Solignac
ENCPOS_1933_12,h2252,XVe siècle
ENCPOS_1933_13,h2432,Marseille
ENCPOS_1933_15,h2582,Amérique
ENCPOS_1933_16,h2719,Strasbourg
ENCPOS_1933_16,h2719,XIVe
ENCPOS_1933_16,h2719,XVe siècle
ENCPOS_1933_17,h2950,Montferrand
ENCPOS_1934_02,h0119,comté de Valois
ENCPOS_1934_02,h0119,de France
ENCPOS_1934_04,h0311,de Lille
ENCPOS_1934_05,h0725,Consolation de Boèce
ENCPOS_1934_06,h0826,de l'Ouest
ENCPOS_1934_06,h0826,la France
ENCPOS_1934_07,h1361,Gisors
ENCPOS_1934_08,h1562,Franche
ENCPOS_1934_09,h1628,Saint-Germain-des-Prés
ENCPOS_1934_09,h1628,XVe siècle
ENCPOS_1934_10,h1931,Rome
ENCPOS_1934_11,h2317,Lyon
ENCPOS_1934_12,h2421,Riez
ENCPOS_1934_13,h2503,Orléans
ENCPOS_1934_14,h2546,vallée de la Somme
ENCPOS_1934_15,h2604,Paris
ENCPOS_1935_01,h0156,Bretagne
ENCPOS_1935_01,h0156,Touraine
ENCPOS_1935_01,h0156,Anjou
ENCPOS_1935_01,h0156,Normandie
ENCPOS_1935_03,h0457,Port-Louis
ENCPOS_1935_03,h0457,Lorient
ENCPOS_1935_04,h0458,abbaye de Savigny
ENCPOS_1935_04,h0458,Avranches
ENCPOS_1935_05,h0485,Carpentras
ENCPOS_1935_06,h0572,comté de Guines
ENCPOS_1935_07,h0696,bibliothèque nationale de Paris
ENCPOS_1935_08,h0951,Aunis
ENCPOS_1935_08,h0951,Saintonge
ENCPOS_1935_09,h1153,Angleterre
ENCPOS_1935_11,h1321,Morvan
ENCPOS_1935_13,h1498,Saint-Germain-l'Auxerrois
ENCPOS_1935_13,h1498,Paris
ENCPOS_1935_14,h1765,abbaye de Saint-Evroul
ENCPOS_1935_19,h2102,Lille
ENCPOS_1935_20,h2504,Provence
ENCPOS_1935_20,h2504,Forcalquier
ENCPOS_1935_21,h2827,évêché de Metz
ENCPOS_1935_22,h2916,XIVe
ENCPOS_1935_22,h2916,département de la Manche
ENCPOS_1935_23,h2977,Haut-Dauphiné
ENCPOS_1936_01,h0531,Byzance
ENCPOS_1936_03,h0941,Pontoise
ENCPOS_1936_07,h1495,léproserie du Val d'Abbeville
ENCPOS_1936_07,h1495,XIIe
ENCPOS_1936_07,h1495,XVIIe
ENCPOS_1936_09,h1713,Vitré
ENCPOS_1936_12,h1852,Normandie
ENCPOS_1936_13,h2064,de France
ENCPOS_1936_14,h2355,XIVe
ENCPOS_1936_14,h2355,XVe siècles
ENCPOS_1936_15,h2386,Nouvelle-France
ENCPOS_1937_02,h0587,Chartreuse d
ENCPOS_1937_02,h0587,diocèse de Nevers
ENCPOS_1937_03,h0685,Saint-Marcel
ENCPOS_1937_03,h0685,Paris
ENCPOS_1937_04,h0815,Lyon
ENCPOS_1937_04,h0815,XVIIIe
ENCPOS_1937_05,h0821,Auxerrois
ENCPOS_1937_06,h1029,Comminges
ENCPOS_1937_08,h1566,comté de Rethel
ENCPOS_1937_08,h1566,XIVe
ENCPOS_1937_08,h1566,XIVe siècles
ENCPOS_1937_09,h1622,duché d'Orléans
ENCPOS_1937_10,h1705,Poitiers
ENCPOS_1937_11,h1838,département du Finistère
ENCPOS_1937_13,h2016,Béarn
ENCPOS_1937_13,h2016,XIVe
ENCPOS_1937_13,h2016,XVe siècle
ENCPOS_1937_14,h2040,roi de Navarre
ENCPOS_1937_16,h2872,Bourbonnais
ENCPOS_1937_16,h2872,Auvergne
ENCPOS_1937_17,h2889,Vexin français
ENCPOS_1937_18,h3028,Cosmographia
ENCPOS_1938_02,h0377,abbaye de l île
ENCPOS_1938_03,h0695,Bourgogne
ENCPOS_1938_04,h0914,Comtat-Venaissin
ENCPOS_1938_04,h0914,État d'Avignon
ENCPOS_1938_05,h1455,Tours
ENCPOS_1938_05,h1455,XVe siècle
ENCPOS_1938_08,h2248,Saint-Malo
ENCPOS_1938_09,h2319,Annamites
ENCPOS_1938_09,h2319,Tonkin
ENCPOS_1938_09,h2319,XVIIe siècle
ENCPOS_1938_11,h2357,Dijon
ENCPOS_1938_12,h2733,Rouen
ENCPOS_1938_12,h2733,XVIe siècle : l'
ENCPOS_1938_12,h2733,Hôtel-Dieu
ENCPOS_1939_01,h0062,abbaye Notre-Dame de Montivilliers
ENCPOS_1939_01,h0062,diocèse de Rouen
ENCPOS_1939_02,h0185,Lorraine
ENCPOS_1939_03,h0194,la France
ENCPOS_1939_03,h0194,Guinée
ENCPOS_1939_06,h0914,Avignon
ENCPOS_1939_06,h0914,Comtat Venaissin
ENCPOS_1939_07,h1048,Monein
ENCPOS_1939_07,h1048,Béarn
ENCPOS_1939_08,h1137,Saint-Jean de Jérusalem
ENCPOS_1939_08,h1137,Aix-en-Provence
ENCPOS_1939_09,h1195,de Lille
ENCPOS_1939_10,h1254,Haute-Auvergne
ENCPOS_1939_10,h1254,XIIIe
ENCPOS_1939_11,h1401,Chalon-sur-Saône
ENCPOS_1939_11,h1401,XVe siècle
ENCPOS_1939_12,h1550,Alsace
ENCPOS_1939_13,h1682,XVIIe
ENCPOS_1939_14,h1762,Grand
ENCPOS_1939_14,h1762,Petit-Caux
ENCPOS_1939_14,h1762,diocèse de Rouen
ENCPOS_1939_15,h1896,Luxembourg
ENCPOS_1939_15,h1896,Xe
ENCPOS_1939_16,h2091,XIVe siècles
ENCPOS_1939_17,h2184,Paris
ENCPOS_1939_18,h2385,France
ENCPOS_1939_19,h2476,Forez
ENCPOS_1939_21,h2677,Normandie
ENCPOS_1940_01,h0266,Valence
ENCPOS_1940_01,h0266,Die
ENCPOS_1940_03,h0421,La Somme le roi
ENCPOS_1940_04,h0618,Vienne
ENCPOS_1940_05,h0797,Graville
ENCPOS_1940_05,h0797,pays de Caux
ENCPOS_1940_08,h1799,Grands jours
ENCPOS_1940_08,h1799,Paris
ENCPOS_1940_09,h2226,Grande Chartreuse
ENCPOS_1940_09,h2226,Moyen
ENCPOS_1940_10,h2281,Epistola
ENCPOS_1941_01,h0253,Troyes
ENCPOS_1941_01,h0253,XIVe
ENCPOS_1941_01,h0253,XIVe siècles
ENCPOS_1941_02,h0411,Aurillac
ENCPOS_1941_02,h0411,XVe siècle
ENCPOS_1941_03,h0652,Paris
ENCPOS_1941_04,h0747,comté d'Angoulême
ENCPOS_1941_07,h1394,France
ENCPOS_1941_09,h2121,comté de Blois
ENCPOS_1941_12,h2749,Vigiles
ENCPOS_1941_13,h2761,Toulouse
ENCPOS_1941_13,h2761,XIIIe
ENCPOS_1941_13,h2761,XIVe siècles
ENCPOS_1941_14,h2959,Bretagne
ENCPOS_1942_02,h0309,Angleterre
ENCPOS_1942_03,h0429,Marseille
ENCPOS_1942_04,h0516,Rabastens
ENCPOS_1942_05,h0593,Alpes briançonnaises
ENCPOS_1942_05,h0593,Vallouise
ENCPOS_1942_06,h0688,Paris
ENCPOS_1942_08,h1160,Paris
ENCPOS_1942_12,h2135,Saint-Etienne
ENCPOS_1942_12,h2135,Nevers
ENCPOS_1942_13,h2363,de Bourges
ENCPOS_1942_13,h2363,XVIIIe
ENCPOS_1942_14,h2459,Brioude
ENCPOS_1942_15,h2928,Bibl
ENCPOS_1942_15,h2928,fr
ENCPOS_1942b_01,h2680,Thiérache
ENCPOS_1943_01,h0152,l'Empire
ENCPOS_1943_03,h0415,Ruralium
ENCPOS_1943_04,h0552,Église cathédrale de Paris
ENCPOS_1943_06,h0783,de France
ENCPOS_1943_09,h1039,Saint-Pierre-le-Moutier
ENCPOS_1943_10,h1160,Paris
ENCPOS_1943_11,h1324,France
ENCPOS_1943_12,h1425,Quimper
ENCPOS_1943_12,h1425,Vannes
ENCPOS_1943_13,h1585,Grasse
ENCPOS_1943_13,h1585,Saint-Paul-de-Vence
ENCPOS_1943_14,h1776,Languedoc
ENCPOS_1943_14,h1776,XVIIe
ENCPOS_1943_14,h1776,XVIIIe
ENCPOS_1943_15,h1922,Blois
ENCPOS_1943_16,h1963,Paris
ENCPOS_1943_17,h2038,diocèse de Bayeux
ENCPOS_1943_17,h2038,XVe siècle
ENCPOS_1943_18,h2091,XIVe siècles
ENCPOS_1943_19,h2145,Politiques
ENCPOS_1943_19,h2145,Vivarais
ENCPOS_1943_21,h2520,Montlaur
ENCPOS_1943_21,h2520,XVe siècle
ENCPOS_1943_22,h2623,Grenoble
ENCPOS_1943_22,h2623,XVIIIe
ENCPOS_1943_23,h2643,duché de Bourgogne
ENCPOS_1943_24,h2672,Vexin français
ENCPOS_1943_24,h2672,Vexin normand
ENCPOS_1943_25,h3024,Pays chartrain
ENCPOS_1944_01,h0419,collège de la Trinité
ENCPOS_1944_01,h0419,Lyon
ENCPOS_1944_02,h0505,Occident
ENCPOS_1944_03,h0547,Paris
ENCPOS_1944_05,h0702,Nevers
ENCPOS_1944_06,h1318,Saint-Malo
ENCPOS_1944_06,h1318,XVIe siècle
ENCPOS_1944_07,h1516,Marmoutier
ENCPOS_1944_07,h1516,Chemillé
ENCPOS_1944_10,h1947,Palais
ENCPOS_1944_11,h2129,Champagne
ENCPOS_1944_12,h2138,France
ENCPOS_1944_13,h2194,Poitou
ENCPOS_1944_15,h2395,Vaillant
ENCPOS_1945_01,h0071,Montauban
ENCPOS_1945_03,h0097,Provence
ENCPOS_1945_04,h0171,Notre-Dame-des-Prés
ENCPOS_1945_04,h0171,abbaye cistercienne
ENCPOS_1945_04,h0171,Troyes
ENCPOS_1945_06,h0343,Paris
ENCPOS_1945_08,h0704,Paris
ENCPOS_1945_09,h0783,abbaye de Longues
ENCPOS_1945_09,h0783,diocèse de Bayeux
ENCPOS_1945_10,h0892,Bordeaux
ENCPOS_1945_12,h2172,Senlis
ENCPOS_1945_13,h2555,abbaye de Notre-Dame-du-Lys
ENCPOS_1945_13,h2555,diocèse de
ENCPOS_1945_14,h3059,Grand Gauthier
ENCPOS_1945_14,h3059,Poitou
ENCPOS_1946_01,h0221,Bordelais
ENCPOS_1946_01,h0221,Moyen
ENCPOS_1946_03,h0804,Forez
ENCPOS_1946_05,h1067,de Bourges
ENCPOS_1946_05,h1067,Limoges
ENCPOS_1946_05,h1067,Clermont
ENCPOS_1946_05,h1067,Xe
ENCPOS_1946_06,h1079,Picardie
ENCPOS_1946_07,h1130,diocèse de Chalon
ENCPOS_1946_08,h1204,comté d'Auvergne
ENCPOS_1946_09,h1268,Berry
ENCPOS_1946_11,h1415,Auxerrois
ENCPOS_1946_12,h1759,Anjou
ENCPOS_1946_13,h2139,Lorraine
ENCPOS_1946_13,h2139,Bar
ENCPOS_1946_15,h2360,Sentences
ENCPOS_1946_16,h2439,Châlons-sur-Marne
ENCPOS_1946_16,h2439,XVIIe
ENCPOS_1946_17,h2486,Rieux
ENCPOS_1946_17,h2486,Pins
ENCPOS_1946_18,h2632,Manosque
ENCPOS_1946_19,h2917,Châtelet de Paris
ENCPOS_1946_20,h2961,La Rochelle
ENCPOS_1947_02,h0160,Moyen
ENCPOS_1947_05,h0905,Fronde
ENCPOS_1947_06,h1162,Laon
ENCPOS_1947_07,h1337,Avignon
ENCPOS_1947_07,h1337,XVe siècle
ENCPOS_1947_08,h1502,Parlement de Bordeaux
ENCPOS_1947_09,h1709,Blanc
ENCPOS_1947_13,h2230,Servais
ENCPOS_1947_14,h2513,de Besançon
ENCPOS_1947_15,h2637,Saint-Flour
ENCPOS_1947_16,h2824,Clermont
ENCPOS_1947_17,h3057,La Mothe
ENCPOS_1947_17,h3057,Bourmont
ENCPOS_1948_02,h0263,Chartreuse
ENCPOS_1948_02,h0263,Bourgfontaine-en-Valois
ENCPOS_1948_03,h0397,Breviari d
ENCPOS_1948_04,h0677,Lorraine
ENCPOS_1948_04,h0677,Bar
ENCPOS_1948_05,h0965,Paris
ENCPOS_1948_06,h1161,Amiens
ENCPOS_1948_06,h1161,XIIIe
ENCPOS_1948_06,h1161,XIVe siècles
ENCPOS_1948_07,h1441,Sologne
ENCPOS_1948_07,h1441,XIVe
ENCPOS_1948_09,h1803,Périgord
ENCPOS_1948_10,h1917,Saint-Malo
ENCPOS_1948_11,h2042,Gille de Rome
ENCPOS_1948_12,h2213,Poitou
ENCPOS_1948_13,h2296,prévôté de Corbeil
ENCPOS_1948_14,h2358,archidiaconé d'Autun
ENCPOS_1948_16,h2558,Cormeilles-en-Vexin
ENCPOS_1948_16,h2558,XVIIIe
ENCPOS_1948_17,h2792,abbaye de Montiéramey
ENCPOS_1948_18,h2879,Bourges
ENCPOS_1948_19,h3051,XVIIIe
ENCPOS_1948_20,h3106,XVe siècle
ENCPOS_1949_01,h0064,Salm
ENCPOS_1949_01,h0064,Vosges
ENCPOS_1949_01,h0064,XVIIIe
ENCPOS_1949_02,h0069,abbaye de Longchamp
ENCPOS_1949_03,h0356,Bourgogne
ENCPOS_1949_04,h0366,Sentences
ENCPOS_1949_05,h0426,Lyon
ENCPOS_1949_06,h0610,Île-de-France
ENCPOS_1949_07,h0866,Hôpital Saint-Yves de Rennes
ENCPOS_1949_08,h0966,Michault
ENCPOS_1949_10,h1189,abbaye de Clairvaux
ENCPOS_1949_11,h1310,Paris
ENCPOS_1949_11,h1310,XVe siècle
ENCPOS_1949_12,h1385,Bayonne
ENCPOS_1949_12,h1385,XVe siècle
ENCPOS_1949_13,h1410,Strasbourg
ENCPOS_1949_14,h1649,de France
ENCPOS_1949_15,h3168,France
ENCPOS_1949_16,h1785,Guyenne
ENCPOS_1949_18,"h1861,h2764",Béarn
ENCPOS_1949_19,h1980,Rugles
ENCPOS_1949_20,h1985,XVIIIe
ENCPOS_1949_20,h1985,Aquitaine
ENCPOS_1949_21,h2701,comté d'Embrun
ENCPOS_1949_22,h2753,XVIIIe
ENCPOS_1949_23,h2845,ville de Saint-Denis
ENCPOS_1949_23,h2845,XVIIIe
ENCPOS_1949_25,h2953,Gascogne
ENCPOS_1949_26,h3107,Notre-Dame de Paris
ENCPOS_1949_27,h3110,Marseille
ENCPOS_1950_01,h0289,Paris
ENCPOS_1950_02,h0348,château de Fontainebleau
ENCPOS_1950_03,h0359,XIVe
ENCPOS_1950_03,h0359,XVe siècles
ENCPOS_1950_05,h0523,Toulouse
ENCPOS_1950_05,h0523,XVIe siècle
ENCPOS_1950_06,h0525,Savigny-en-Lyonnais
ENCPOS_1950_07,h0630,Bas-Dauphiné
ENCPOS_1950_07,h0630,XVIIIe
ENCPOS_1950_08,h0700,Sainte-Foy-la-Grande
ENCPOS_1950_10,h0910,abbaye Saint-Victor-de-Marseille
ENCPOS_1950_12,h1190,Flandre wallonne
ENCPOS_1950_12,h1190,XIVe
ENCPOS_1950_13,h1350,conseil ducal de Bretagne
ENCPOS_1950_13,h1350,XVe siècle
ENCPOS_1950_14,h1381,Paris
ENCPOS_1950_15,h1702,Melle
ENCPOS_1950_18,h1961,Paris
ENCPOS_1950_19,h2381,Paris
ENCPOS_1950_21,h2514,comté de Montbéliard
ENCPOS_1950_23,h2565,Moyen
ENCPOS_1950_24,h2701,Embrunais
ENCPOS_1950_25,h2787,seigneurie de Saint-Cloud
ENCPOS_1950_25,h2787,Garches
ENCPOS_1950_25,h2787,Marnes aux XVIIe
ENCPOS_1951_01,h0090,abbaye de Montier-la-Celle
ENCPOS_1951_01,h0090,XIVe
ENCPOS_1951_02,h0133,Tours
ENCPOS_1951_02,h0133,XVe siècle
ENCPOS_1951_04,h0437,Bourbonnais
ENCPOS_1951_04,h0437,XVe siècle
ENCPOS_1951_06,h0463,Calais
ENCPOS_1951_07,h0582,Haras d'Ancien Régime
ENCPOS_1951_07,h0582,Bretagne
ENCPOS_1951_08,h0997,Paris
ENCPOS_1951_09,h1397,Villepreux
ENCPOS_1951_09,h1397,XVIIIe
ENCPOS_1951_10,h1444,Palais de la Cité
ENCPOS_1951_10,h1444,Paris
ENCPOS_1951_11,h1469,Chancellerie impériale
ENCPOS_1951_11,h1469,Byzance
ENCPOS_1951_13,h1567,Chauny
ENCPOS_1951_14,h1569,Lyon
ENCPOS_1951_15,h1589,Paris
ENCPOS_1951_16,h1936,église Notre-Dame d
ENCPOS_1951_20,h2328,Normandie
ENCPOS_1951_20,h2328,de France
ENCPOS_1951_21,h2460,Bordelais
ENCPOS_1951_23,h2920,Provence
ENCPOS_1951_24,h3101,Ferrette
ENCPOS_1952_01,h0116,abbaye Saint-Pierre de Moissac
ENCPOS_1952_02,h0211,abbaye Saint-Melaine de Rennes
ENCPOS_1952_03,h0481,Bas
ENCPOS_1952_04,h0579,Paris
ENCPOS_1952_04,h0579,XVIIe
ENCPOS_1952_06,h1244,Paris
ENCPOS_1952_06,h1244,XVIIe siècle
ENCPOS_1952_07,h1302,Luxeuil
ENCPOS_1952_08,h1325,Languedoc
ENCPOS_1952_08,h1325,XVe siècle
ENCPOS_1952_09,h1341,Haut-Maine
ENCPOS_1952_11,h1450,la France
ENCPOS_1952_13,h2174,Beaujeu
ENCPOS_1952_13,h2174,Xe
ENCPOS_1952_15,h2260,Pont-au-Change
ENCPOS_1952_16,h2481,Voie d Enfer
ENCPOS_1952_18,h2912,abbaye de Saint-Maurice d
ENCPOS_1953_01,h0209,Orgueilleuse
ENCPOS_1953_02,h0414,Forez
ENCPOS_1953_03,h0513,Capétiens
ENCPOS_1953_04,h0721,ville de Saint-Denis
ENCPOS_1953_06,h0305,Saint-Sépulcre
ENCPOS_1953_06,h0305,Paris
ENCPOS_1953_07,h1260,Saint-Martin-de-Tours
ENCPOS_1953_08,h1380,Nevers
ENCPOS_1953_10,h1739,Pauvreté
ENCPOS_1953_11,h1911,Faubourg Saint-Honoré
ENCPOS_1953_11,h1911,Paris
ENCPOS_1953_11,h1911,XVIIIe
ENCPOS_1953_13,h2027,abbaye de Fécamp
ENCPOS_1953_14,h2045,Riom
ENCPOS_1953_14,h2045,XVIIIe
ENCPOS_1953_18,h2651,Xe
ENCPOS_1953_19,h2907,Venise
ENCPOS_1953_19,h2907,Egypte
ENCPOS_1953_19,h2907,XIVe
ENCPOS_1953_19,h2907,XVe siècles
ENCPOS_1954_03,h0462,de Besançon
ENCPOS_1954_04,h0465,comté d'Angoulême
ENCPOS_1954_05,h0802,XVIe siècle
ENCPOS_1954_10,h1243,Paris
ENCPOS_1954_10,h1243,Sens
ENCPOS_1954_12,h1632,Canada
ENCPOS_1954_15,h2197,Tours
ENCPOS_1954_16,h2217,Guyane française
ENCPOS_1954_16,h2217,XVIIIe
ENCPOS_1954_17,h2303,États de Comminges
ENCPOS_1954_18,h2308,diocèse de Lisieux
ENCPOS_1954_20,h2574,Auxerre
ENCPOS_1954_20,h2574,XVIIe
ENCPOS_1954_21,h2624,Bas-Poitou
ENCPOS_1954_21,h2624,Xe
ENCPOS_1954_22,h2952,Picquigny
ENCPOS_1954_22,h2952,Amiens
ENCPOS_1955_01,h0003,Espagne
ENCPOS_1955_02,h0267,Saint-Merry
ENCPOS_1955_02,h0267,Paris
ENCPOS_1955_03,h0512,de Saint-Denis
ENCPOS_1955_05,h0903,Auvergne
ENCPOS_1955_06,h0962,Châteaudun
ENCPOS_1955_07,h1143,Provence
ENCPOS_1955_11,h1731,Lorraine
ENCPOS_1955_13,h2984,Sarlat
ENCPOS_1955_14,h3056,XIVe
ENCPOS_1956_01,h0113,Violons de la Musique de la Chambre
ENCPOS_1956_03,h0178,états d'Artois
ENCPOS_1956_04,h0488,de France
ENCPOS_1956_05,h0742,Châlons
ENCPOS_1956_07,h1167,Soissons
ENCPOS_1956_08,h1436,Hôtel-Dieu de Beauvais
ENCPOS_1956_10,h2509,Poitou
ENCPOS_1956_10,h2509,IXe
ENCPOS_1956_11,h2739,Toul
ENCPOS_1956_12,h2770,XVe siècle
ENCPOS_1956_12,h2770,Notre-Dame
ENCPOS_1956_13,h2813,Branche
ENCPOS_1956_14,h3105,Alsace
ENCPOS_1956_14,h3105,Schneider
ENCPOS_1956_14,h3105,Colmar
ENCPOS_1957_02,h0140,Angers
ENCPOS_1957_02,h0140,l'Empire
ENCPOS_1957_03,h0154,Saint-Pierre de Lille
ENCPOS_1957_04,h0204,Genève
ENCPOS_1957_05,h0657,de Bourges
ENCPOS_1957_05,h0657,Limoges
ENCPOS_1957_06,h0669,ville de Metz
ENCPOS_1957_06,h0669,XVe siècle
ENCPOS_1957_08,h1122,Poitou
ENCPOS_1957_08,h1122,XVe siècle
ENCPOS_1957_09,h1252,Saint-André-des-Arts
ENCPOS_1957_09,h1252,Paris
ENCPOS_1957_10,h1443,Traitté
ENCPOS_1957_11,h1880,Amiens
ENCPOS_1957_13,h2182,canton de
ENCPOS_1957_13,h2182,Saint-Amant-de-Boixe
ENCPOS_1957_13,h2182,Charente
ENCPOS_1957_14,h2322,Châteauroux
ENCPOS_1957_15,h2413,Rosarius
ENCPOS_1957_16,h2517,France
ENCPOS_1957_17,h2541,Saint-Domingue
ENCPOS_1957_18,h2613,ducs de Bretagne
ENCPOS_1957_18,h2613,XVe siècle
ENCPOS_1958_02,h0314,Saint-Jean-d'Angély
ENCPOS_1958_03,h0735,Parlement de Grenoble
ENCPOS_1958_03,h0735,Dauphiné
ENCPOS_1958_04,h0947,XVe siècle
ENCPOS_1958_05,h1058,abbaye de Saint-Médard de Soissons
ENCPOS_1958_06,h1065,abbaye de Saint-Pierremont
ENCPOS_1958_07,h1574,comté de Champagne
ENCPOS_1958_08,h1586,Dijon
ENCPOS_1958_08,h1586,XIVe
ENCPOS_1958_09,h1608,la France
ENCPOS_1958_10,h1721,XVe siècle
ENCPOS_1958_10,h1721,Nevers
ENCPOS_1958_10,h1721,Châlon-sur-Saône
ENCPOS_1958_11,h1704,abbaye de Saint-Germain-des-Prés
ENCPOS_1958_12,h1756,Breuil
ENCPOS_1958_12,h1756,XIVe
ENCPOS_1958_13,h1878,de Lille
ENCPOS_1958_14,h2106,département de Rochefort
ENCPOS_1958_15,h2350,Sologne
ENCPOS_1958_15,h2350,XVIIIe
ENCPOS_1958_16,h2369,Bonum
ENCPOS_1958_17,h2612,abbaye Saint-Jean-des-Vignes de Soissons
ENCPOS_1958_20,h3040,Angers
ENCPOS_1958_21,h3074,Ukraine
ENCPOS_1958_21,h3074,XVIIIe
ENCPOS_1959_01,h0196,la France
ENCPOS_1959_02,h0446,XVIIIe
ENCPOS_1959_04,h0736,diocèse de Lausanne
ENCPOS_1959_04,h0736,Moyen
ENCPOS_1959_05,h0781,Delle
ENCPOS_1959_06,h1242,abbaye de Marmoutier du Xe
ENCPOS_1959_07,h1261,diocèse de Sens
ENCPOS_1959_07,h1261,Moyen
ENCPOS_1959_08,h1510,Cambrai
ENCPOS_1959_09,h1733,Gascogne
ENCPOS_1959_09,h1733,XVIIIe
ENCPOS_1959_10,h2301,Paris
ENCPOS_1959_11,h2389,abbaye de Saint-Germain d
ENCPOS_1959_12,h2404,XVIIIe
ENCPOS_1959_13,h2831,Perche
ENCPOS_1959_13,h2831,Xe
ENCPOS_1960_01,h0107,Sully
ENCPOS_1960_04,h1315,Saint-Quentin
ENCPOS_1960_05,h1411,abbaye de Fontevrault
ENCPOS_1960_05,h1411,Haut-Poitou
ENCPOS_1960_05,h1411,XVe siècle
ENCPOS_1960_06,h1499,forêt de Compiègne
ENCPOS_1960_08,h1666,Paris
ENCPOS_1960_10,h1944,Rouen
ENCPOS_1960_10,h1944,XIIIe
ENCPOS_1960_10,h1944,XVe siècle
ENCPOS_1960_11,h2096,comtes de Bourgogne
ENCPOS_1960_11,h2096,Souabe
ENCPOS_1960_12,h2271,Rhône 
ENCPOS_1960_12,h2271,Moyen
ENCPOS_1960_14,h2488,Ajaccio
ENCPOS_1960_15,h2636,Saint-Pierre-et-Miquelon
ENCPOS_1960_15,h2636,Terre
ENCPOS_1960_15,h2636,XVIIIe
ENCPOS_1960_16,h3085,abbaye de Saint-Bertin du VIIe
ENCPOS_1960_17,h3119,Haute-Alsace
ENCPOS_1961_01,h0574,Berry du Xe
ENCPOS_1961_02,h0601,Martinique
ENCPOS_1961_03,h0713,Revermont
ENCPOS_1961_03,h0713,XIVe
ENCPOS_1961_05,h1238,France
ENCPOS_1961_05,h1238,XVIIIe
ENCPOS_1961_05,h1238,Contrôle général des finances et des
ENCPOS_1961_07,h1543,Lorraine
ENCPOS_1961_09,h1734,de Nîmes
ENCPOS_1961_10,h2200,Paris
ENCPOS_1961_10,h2200,XVIe siècle
ENCPOS_1961_11,h2390,Europe
ENCPOS_1961_11,h2390,XVIe siècle
ENCPOS_1961_13,h2496,Colmar
ENCPOS_1961_13,h2496,XIIIe
ENCPOS_1961_15,h2720,Bretagne
ENCPOS_1961_16,h2834,Caen
ENCPOS_1961_17,h2875,Normandie
ENCPOS_1961_17,h2875,Touraine
ENCPOS_1961_17,h2875,Bretagne
ENCPOS_1961_18,h2972,Cherbourg
ENCPOS_1961_18,h2972,XVIIIe
ENCPOS_1962_01,h0010,Saint-Antoine
ENCPOS_1962_04,h0228,Moyen-Poitou
ENCPOS_1962_05,"h0254,h1578",comté de Bar
ENCPOS_1962_06,h0529,de France
ENCPOS_1962_07,h0535,XVIIIe
ENCPOS_1962_08,h0672,Moyen
ENCPOS_1962_08,h0672,Nancy
ENCPOS_1962_10,h1298,Baugé
ENCPOS_1962_10,h1298,Maine-et-Loire
ENCPOS_1962_12,h1392,arrondissement forestier de Fontainebleau
ENCPOS_1962_13,h2295,île de
ENCPOS_1962_13,h2295,Tobago
ENCPOS_1962_14,h2495,diocèse de Boulogne
ENCPOS_1962_15,h2724,Bordeaux
ENCPOS_1962_17,h2794,de France
ENCPOS_1962_19,h3022,la Saône
ENCPOS_1962_20,h2778,Paris
ENCPOS_1963_01,h0080,Saint-Martial
ENCPOS_1963_01,h0080,Limoges
ENCPOS_1963_02,h0079,hôpital Saint-Antoine
ENCPOS_1963_03,h0081,abbayes bénédictines de Normandie
ENCPOS_1963_04,h0082,Russie
ENCPOS_1963_05,h2143,Nouvelle-France
ENCPOS_1963_05,h2143,XVIIIe
ENCPOS_1963_06,h0682,Recherches
ENCPOS_1963_06,h0682,Aiguebelle
ENCPOS_1963_08,h0983,Moissac
ENCPOS_1963_09,h1033,XVe siècle
ENCPOS_1963_10,h1123,Hambourg
ENCPOS_1963_11,h1226,Grandmont
ENCPOS_1963_12,h1389,I
ENCPOS_1963_14,h1725,duché de Montpensier
ENCPOS_1963_15,h1983,Alpes
ENCPOS_1963_16,h2056,Cluny
ENCPOS_1963_17,h2155,XVe siècle
ENCPOS_1963_17,h2155,Grand herbier
ENCPOS_1963_19,h2538,Paris
ENCPOS_1963_20,h2724,Bordeaux
ENCPOS_1963_21,h3042,comtes de Forez
ENCPOS_1963_22,h3094,patriciat de Strasbourg
ENCPOS_1963_22,h3094,Moyen
ENCPOS_1964_01,h0315,Sceaux
ENCPOS_1964_02,h0329,Auxerre
ENCPOS_1964_02,h0329,Rome
ENCPOS_1964_05,"h0417,h1069",Funérailles
ENCPOS_1964_05,"h0417,h1069",France
ENCPOS_1964_06,h0501,abbaye de Signy
ENCPOS_1964_06,h0501,Reims
ENCPOS_1964_07,h0681,Choiseul
ENCPOS_1964_08,h1016,Florac
ENCPOS_1964_09,h1174,empire ottoman
ENCPOS_1964_09,h1174,XVIIIe
ENCPOS_1964_10,h1298,Baugé
ENCPOS_1964_12,h1988,Comminges
ENCPOS_1964_12,h1988,Couserans
ENCPOS_1964_13,h2136,Crimée
ENCPOS_1964_14,h2212,Aunis
ENCPOS_1964_14,h2212,Saintonge
ENCPOS_1964_15,h2444,Saint-Evroult
ENCPOS_1964_16,h2511,la Chine
ENCPOS_1964_16,h2511,France
ENCPOS_1964_16,h2511,XVIIe
ENCPOS_1964_18,h2594,île de France
ENCPOS_1965_01,h0430,la France
ENCPOS_1965_01,h0430,Angleterre
ENCPOS_1965_02,h0780,XVIIIe
ENCPOS_1965_04,h1144,Dauphiné
ENCPOS_1965_04,h1144,Faucigny
ENCPOS_1965_05,h1519,Gênes
ENCPOS_1965_06,h1599,Paris
ENCPOS_1965_07,h1858,Bretagne
ENCPOS_1965_08,h2345,Picardie
ENCPOS_1965_10,h2583,Lauragais
ENCPOS_1965_11,h2954,abbaye d'Yerres
ENCPOS_1965_12,h2960,Montfaucon
ENCPOS_1966_03,h0844,Montpellier
ENCPOS_1966_03,h0844,XVe siècle
ENCPOS_1966_04,h0906,Île-de-France
ENCPOS_1966_05,h0944,Paris
ENCPOS_1966_07,h1105,Nantes
ENCPOS_1966_08,h2629,Viennois
ENCPOS_1966_09,h2683,Saint-Jean-de-Jérusalem
ENCPOS_1966_09,h2683,la France
ENCPOS_1966_11,h1741,Collioure
ENCPOS_1966_12,h2176,place de France
ENCPOS_1966_12,h2176,Temple
ENCPOS_1966_12,h2176,Paris
ENCPOS_1966_13,h2532,de France Isabeau
ENCPOS_1966_13,h2532,Bavière
ENCPOS_1966_14,h2570,Aubusson
ENCPOS_1966_14,h2570,Felletin
ENCPOS_1966_15,h2960,Montfaucon
ENCPOS_1967_01,h0719,Sannois
ENCPOS_1967_01,h0719,XVIIIe
ENCPOS_1967_01,h0719,Parisis
ENCPOS_1967_03,h0909,de France
ENCPOS_1967_04,h1227,Saint-Martial
ENCPOS_1967_04,h1227,Limoges
ENCPOS_1967_04,h1227,Limousin
ENCPOS_1967_08,h1800,Arras
ENCPOS_1967_09,h1818,diocèse de Sées
ENCPOS_1967_10,h1873,France
ENCPOS_1967_11,h2168,abbaye de Fontevrault
ENCPOS_1967_12,h2179,Loire
ENCPOS_1967_13,h2264,XVIIIe
ENCPOS_1967_13,h2264,Lefèvre
ENCPOS_1967_14,h2366,Salon-de-Provence
ENCPOS_1967_16,h2479,Evreux
ENCPOS_1967_17,h0950,Séville
ENCPOS_1967_18,h2681,XVIIIe
ENCPOS_1967_19,h2796,cité de Metz
ENCPOS_1967_19,h2796,XVe siècle
ENCPOS_1967_21,h2973,Conflans
ENCPOS_1967_21,h2973,Savoie
ENCPOS_1967_21,h2973,XVe siècle
ENCPOS_1968_01,h0161,XIVe
ENCPOS_1968_02,h0536,canton de Blanquefort
ENCPOS_1968_02,h0536,Gironde
ENCPOS_1968_03,h0540,Valognes
ENCPOS_1968_04,h0683,Chartres
ENCPOS_1968_04,h0683,XVIIIe
ENCPOS_1968_05,h0738,la France
ENCPOS_1968_05,h0738,Espagne
ENCPOS_1968_07,h1064,Grenoble
ENCPOS_1968_08,h1371,Chassy-en-Morvan
ENCPOS_1968_08,h1371,XIVe-XVIIIe
ENCPOS_1968_09,h1440,Saint-Lazare-de-Jérusalem
ENCPOS_1968_11,h1582,XIVe
ENCPOS_1968_13,h1630,abbaye cistercienne de
ENCPOS_1968_13,h1630,Pairis
ENCPOS_1968_13,h1630,Alsace
ENCPOS_1968_14,h1631,Ancelle
ENCPOS_1968_14,h1631,Champsaur
ENCPOS_1968_15,h1707,XIVe
ENCPOS_1968_16,h1979,Auxerre
ENCPOS_1968_17,h2085,Suisse
ENCPOS_1968_19,h2465,Mantes
ENCPOS_1968_19,h2465,XVe siècle
ENCPOS_1968_20,h2580,Français
ENCPOS_1968_20,h2580,cap de Bonne-Espérance
ENCPOS_1968_21,h2695,prévôté de Paris
ENCPOS_1968_23,h2978,Tours
ENCPOS_1968_23,h2978,Berne
ENCPOS_1969_01,h0526,XIVe
ENCPOS_1969_03,h0728,pont Notre-Dame
ENCPOS_1969_03,h0728,Paris
ENCPOS_1969_03,h0728,XVIIIe
ENCPOS_1969_04,h2047,Laon
ENCPOS_1969_05,h1070,forêt de Brix
ENCPOS_1969_05,h1070,Cotentin
ENCPOS_1969_05,h1070,XVIIIe
ENCPOS_1969_09,h1732,Reims
ENCPOS_1969_11,h1955,Baratre infernal de
ENCPOS_1969_12,h2095,abbaye Saint-Paul de Besançon
ENCPOS_1969_14,h2309,Albi
ENCPOS_1969_15,h2354,XVIIIe
ENCPOS_1969_16,h2371,Paris
ENCPOS_1969_16,h2371,Ligue
ENCPOS_1969_17,h2549,XVe siècle
ENCPOS_1969_20,h2974,Saint-Tropez
ENCPOS_1969_20,h2974,Var
ENCPOS_1970_01,h0033,Rochechouart
ENCPOS_1970_01,h0033,Haute-Vienne
ENCPOS_1970_02,h0162,Grand Couvent des Cordeliers de Paris
ENCPOS_1970_03,h0231,Marseille
ENCPOS_1970_03,h0231,XIVe
ENCPOS_1970_03,h0231,Cour du Palais
ENCPOS_1970_06,h0479,Pont-de-Veyle
ENCPOS_1970_07,h0522,Carpentras
ENCPOS_1970_08,h0787,Bidache
ENCPOS_1970_08,h0787,XVIIIe
ENCPOS_1970_09,h0883,Notre-Dame de Paris
ENCPOS_1970_11,h1073,Saint-Vaast
ENCPOS_1970_11,h1073,Arras
ENCPOS_1970_11,h1073,la France
ENCPOS_1970_12,h1343,pont Saint-Michel
ENCPOS_1970_12,h1343,Paris
ENCPOS_1970_12,h1343,XVIIIe
ENCPOS_1970_13,h1515,Débat
ENCPOS_1970_14,h0424,Vaudois
ENCPOS_1970_15,h1671,Saint-Domingue
ENCPOS_1970_15,h1671,Saint-Marc
ENCPOS_1970_16,h1740,abbaye de Montmajour
ENCPOS_1970_18,h2241,Gourdon
ENCPOS_1970_18,h2241,Quercy
ENCPOS_1970_21,h2307,abbaye d'Ourscamp
ENCPOS_1970_21,h2307,Moyen Age
ENCPOS_1970_22,h2348,La France
ENCPOS_1970_22,h2348,Maroc
ENCPOS_1970_23,h2434,XVIIIe
ENCPOS_1970_24,h2435,Guadeloupe
ENCPOS_1970_25,h2630,Lyon
ENCPOS_1970_26,h2848,Haut-Vivarais
ENCPOS_1970_27,h2922,château de Compiègne
ENCPOS_1970_27,h2922,XVIIIe
ENCPOS_1970_29,h2999,XIVe
ENCPOS_1970_30,h3060,XVIIIe
ENCPOS_1971_01,h0046,Hélinand de Froidmont
ENCPOS_1971_02,h0425,Occident
ENCPOS_1971_02,h0425,Moyen
ENCPOS_1971_03,h0233,Saint-Martin-des-Champs
ENCPOS_1971_03,h0233,Paris
ENCPOS_1971_04,h0474,XVIIIe
ENCPOS_1971_05,h0654,Italie
ENCPOS_1971_07,h0691,Léman
ENCPOS_1971_08,h0969,Gervais
ENCPOS_1971_08,h0969,Tilbury
ENCPOS_1971_10,h1296,ducs de
ENCPOS_1971_10,h1296,Stanislas
ENCPOS_1971_11,h1332,canton de Beaumont-Hague
ENCPOS_1971_11,h1332,Manche
ENCPOS_1971_12,h1445,Mâcon
ENCPOS_1971_13,h1492,abbaye de Saint-Florent-lès-Saumur
ENCPOS_1971_13,h1492,Mont-Glonne
ENCPOS_1971_13,h1492,château de Saumur
ENCPOS_1971_14,h1493,abbaye Notre-Dame de la Roë
ENCPOS_1971_15,h1609,XVe siècle
ENCPOS_1971_16,h1827,Picardie
ENCPOS_1971_16,h1827,Dumoulin
ENCPOS_1971_17,h1828,Matinées
ENCPOS_1971_18,h2259,Ambert
ENCPOS_1971_18,h2259,Livradois
ENCPOS_1971_19,h2274,Pondichéry
ENCPOS_1971_19,h2274,XVIIIe
ENCPOS_1971_21,h2548,Lauragais
ENCPOS_1971_22,h2577,Collège des Cholets
ENCPOS_1971_23,h2627,Dauphiné
ENCPOS_1971_23,h2627,Moyen
ENCPOS_1971_25,h2800,Rhin
ENCPOS_1971_25,h2800,XIVe
ENCPOS_1971_25,h2800,XVe siècle
ENCPOS_1971_26,h2869,Rodez
ENCPOS_1971_26,h2869,XVe siècle
ENCPOS_1971_27,h2964,Limoges
ENCPOS_1971_28,h3052,Bordeaux
ENCPOS_1971_29,h3102,Alsace
ENCPOS_1972_01,h0849,Corse
ENCPOS_1972_01,h0849,Moyen
ENCPOS_1972_02,h0233,Saint-Martin-des-Champs
ENCPOS_1972_02,h0233,Paris
ENCPOS_1972_03,h0249,La Madeleine de Châteaudun
ENCPOS_1972_04,h0500,Jérusalem
ENCPOS_1972_04,h0500,Sinaï
ENCPOS_1972_04,h0500,XIVe
ENCPOS_1972_06,h0693,Aube
ENCPOS_1972_06,h0693,Seine-et-Marne
ENCPOS_1972_07,h1482,Nivernais
ENCPOS_1972_07,h1482,Saint-Parize-le-Châtel
ENCPOS_1972_07,h1482,XVIIIe
ENCPOS_1972_08,h1596,Châlons-sur-Marne
ENCPOS_1972_08,h1596,XVIIIe
ENCPOS_1972_09,h1926,abbaye de Saint-Seine
ENCPOS_1972_10,h1959,Grands Carmes de Toulouse
ENCPOS_1972_11,h2084,Cornouaille
ENCPOS_1972_12,h2144,Carentan
ENCPOS_1972_13,h2166,Amboise
ENCPOS_1972_13,h2166,XVIIIe
ENCPOS_1972_14,h2256,Marle
ENCPOS_1972_15,h2259,Ambert
ENCPOS_1972_15,h2259,XVIIIe
ENCPOS_1972_16,h2280,diocèse de Besançon
ENCPOS_1972_17,h2393,de France
ENCPOS_1972_18,h2400,Moyen
ENCPOS_1972_21,h2584,Bretagne
ENCPOS_1972_22,h2781,Coutances
ENCPOS_1972_22,h2781,XVIIIe
ENCPOS_1972_23,h2851,Limousin
ENCPOS_1972_23,h2851,XVIIIe
ENCPOS_1972_23,h2851,Donzenac
ENCPOS_1972_23,h2851,Sadroc
ENCPOS_1972_23,h2851,Voutezac
ENCPOS_1972_24,h2298,district de Brignoles
ENCPOS_1972_24,h2298,Var
ENCPOS_1973_01,h0347,abbaye de Montivilliers
ENCPOS_1973_02,h0555,Clermont
ENCPOS_1973_03,h0570,abbaye de Saint-Ouen de Rouen
ENCPOS_1973_03,h0570,XVIIe
ENCPOS_1973_04,h0577,XVe siècle
ENCPOS_1973_05,h0648,Saint-Étienne-du-Mont
ENCPOS_1973_06,h0703,Millau
ENCPOS_1973_06,h0703,XVe siècles
ENCPOS_1973_07,h0814,Cambrai
ENCPOS_1973_08,h1288,du Perche
ENCPOS_1973_09,h0943,Rouen
ENCPOS_1973_09,h0943,XVIe siècle
ENCPOS_1973_10,h1019,Hôtel-Dieu
ENCPOS_1973_10,h1019,Provins
ENCPOS_1973_11,h1020,Compendium Historial
ENCPOS_1973_12,h1090,Marguerites Hystorialles de Jehan Massue
ENCPOS_1973_14,h1256,abbaye de Pontigny
ENCPOS_1973_17,h1508,Montorgueil
ENCPOS_1973_17,h1508,quartier des Halles
ENCPOS_1973_18,h1541,Bas-Comminges
ENCPOS_1973_19,h1888,district de Douai
ENCPOS_1973_20,h1834,Auray
ENCPOS_1973_20,h1834,XVIIIe
ENCPOS_1973_21,h2132,Paris
ENCPOS_1973_21,h2132,XVIIe siècle
ENCPOS_1973_22,h2382,Paris
ENCPOS_1973_25,h2880,abbaye de Silly-en-Gouffern
ENCPOS_1973_25,h2880,Orne
ENCPOS_1973_26,h3076,Chambre de la généralle
ENCPOS_1973_26,h3076,de France
ENCPOS_1974_01,h0165,Torigni-sur-Vire
ENCPOS_1974_01,h0165,XVIIIe
ENCPOS_1974_03,h0527,État
ENCPOS_1974_04,h0565,Briançonnais
ENCPOS_1974_04,h0565,XIVe
ENCPOS_1974_04,h0565,XVe siècles
ENCPOS_1974_07,h0803,Paris
ENCPOS_1974_09,h1085,Paris
ENCPOS_1974_09,h1085,XIIe-XIVe siècles
ENCPOS_1974_10,h1104,Bas-Vivarais
ENCPOS_1974_12,h1400,Pompadour
ENCPOS_1974_12,h1400,Limousin
ENCPOS_1974_13,h1508,Montorgueil
ENCPOS_1974_13,h1508,quartier des Halles
ENCPOS_1974_14,h1547,Nice
ENCPOS_1974_15,h1674,Saint-Nicolas-du-Port
ENCPOS_1974_16,h1729,Paris
ENCPOS_1974_16,h1729,XVe siècle
ENCPOS_1974_17,h1795,diocèse de Bourges
ENCPOS_1974_17,h1795,XVIIIe
ENCPOS_1974_18,h1890,Moissac
ENCPOS_1974_19,h1945,Paris
ENCPOS_1974_20,h2156,Pamiers
ENCPOS_1974_21,h2025,Sénégal
ENCPOS_1974_22,h2334,Toucy du Xe
ENCPOS_1974_23,h2419,Paris
ENCPOS_1974_23,h2419,XVIIe siècle
ENCPOS_1974_24,h2443,Romans
ENCPOS_1974_24,h2443,XVe siècle
ENCPOS_1974_25,h2675,France
ENCPOS_1974_26,h2772,Artois
ENCPOS_1974_27,h2784,la France
ENCPOS_1974_28,h2894,Nîmes
ENCPOS_1974_28,h2894,XVIIe siècle
ENCPOS_1974_29,h3112,XVIIIe
ENCPOS_1975_05,h0521,basse Bretagne
ENCPOS_1975_05,h0521,Pontrieux
ENCPOS_1975_05,h0521,XVIIIe
ENCPOS_1975_08,h0784,Saint-Nicolas-des-Champs
ENCPOS_1975_08,h0784,Paris
ENCPOS_1975_09,h0948,Marseille
ENCPOS_1975_09,h0948,XIVe
ENCPOS_1975_10,h1173,abbaye de Saint-Lucien de Beauvais
ENCPOS_1975_11,h1188,de France
ENCPOS_1975_11,h1188,XIVe
ENCPOS_1975_12,h1424,Lyon
ENCPOS_1975_13,h1446,Fleury
ENCPOS_1975_13,h1446,Xe
ENCPOS_1975_13,h1446,Quaestiones grammaticales d'
ENCPOS_1975_15,h1579,XVe siècle
ENCPOS_1975_16,h1669,Bignan
ENCPOS_1975_16,h1669,Démographie
ENCPOS_1975_17,h1673,Franche
ENCPOS_1975_17,h1673,XVIIIe
ENCPOS_1975_18,h1892,département du Doubs
ENCPOS_1975_19,h2001,Hôtel-Dieu
ENCPOS_1975_19,h2001,Paris
ENCPOS_1975_19,h2001,XVIIIe
ENCPOS_1975_21,h2279,Lyon
ENCPOS_1975_23,h2494,Paris
ENCPOS_1975_24,h2644,Normandie
ENCPOS_1975_25,h2983,Paris
ENCPOS_1975_27,h3075,Auvergnats
ENCPOS_1975_27,h3075,Rouergats
ENCPOS_1975_27,h3075,Toulouse
ENCPOS_1975_27,h3075,XVe siècle
ENCPOS_1975_28,h3080,Val de Morteau
ENCPOS_1975_28,h3080,XVIIIe
ENCPOS_1976_02,h0234,Rhuys
ENCPOS_1976_02,h0234,XVIIIe
ENCPOS_1976_02,h0234,basse Bretagne
ENCPOS_1976_03,h0346,Paris
ENCPOS_1976_04,h0518,Paris
ENCPOS_1976_04,h0518,XVIIIe
ENCPOS_1976_05,h0709,comté de Blois
ENCPOS_1976_05,h0709,Châtillon
ENCPOS_1976_06,h0937,Forest de Tristesse de Jacques Milet
ENCPOS_1976_07,h1021,Padoue
ENCPOS_1976_08,h1297,Étampes
ENCPOS_1976_12,h1697,XVe siècle
ENCPOS_1976_13,h1977,Bollène
ENCPOS_1976_13,h1977,Vaucluse
ENCPOS_1976_14,h2249,Seconde République
ENCPOS_1976_16,h2365,abbaye de Lagrasse
ENCPOS_1976_17,h2472,XVIIIe
ENCPOS_1976_18,h2837,Saint-Sépulcre de Miechów
ENCPOS_1976_19,h3092,Eaux
ENCPOS_1976_19,h3092,de France
ENCPOS_1977_04,h0528,Castelnau-de-Lévis
ENCPOS_1977_04,h0528,Tarn
ENCPOS_1977_04,h0528,XVe siècle
ENCPOS_1977_07,h0959,île de la Cité
ENCPOS_1977_07,h0959,Moyen
ENCPOS_1977_08,h1289,XVIIIe
ENCPOS_1977_10,h1801,Maroc
ENCPOS_1977_10,h1801,la France
ENCPOS_1977_12,h2218,diocèse de Toulouse
ENCPOS_1977_12,h2218,XVe siècle
ENCPOS_1977_13,h2510,Paris
ENCPOS_1977_15,h2756,Angleterre
ENCPOS_1977_15,h2756,France
ENCPOS_1977_17,h2909,Orléans
ENCPOS_1977_17,h2909,Rouen
ENCPOS_1978_01,h2219,Doctrinal
ENCPOS_1978_02,h0023,de France
ENCPOS_1978_03,h0335,Landes
ENCPOS_1978_03,h0335,le Pays basque
ENCPOS_1978_03,h0335,Béarn
ENCPOS_1978_04,h2352,Venise
ENCPOS_1978_04,h2352,Ville
ENCPOS_1978_05,h0954,de Saint-Denis
ENCPOS_1978_05,h0954,Domini
ENCPOS_1978_06,h1107,Paris
ENCPOS_1978_08,h1451,rue Saint-Jacques
ENCPOS_1978_09,h1452,département de la Haute-Marne
ENCPOS_1978_09,h1452,l'Empire
ENCPOS_1978_10,h1525,église Saint-Étienne de Beauvais
ENCPOS_1978_12,h1568,Bourgogne
ENCPOS_1978_12,h1568,Moyen
ENCPOS_1978_13,h2062,Paris
ENCPOS_1978_13,h2062,XVIIIe
ENCPOS_1978_14,h2272,Porcherons
ENCPOS_1978_14,h2272,Paris
ENCPOS_1978_16,h2642,Entrecasteaux
ENCPOS_1978_17,h3049,Paris
ENCPOS_1978_17,h3049,l'Empire
ENCPOS_1979_01,h0192,bibliothèque des
ENCPOS_1979_01,h0192,Père Daire
ENCPOS_1979_02,h0326,France
ENCPOS_1979_02,h0326,France
ENCPOS_1979_02,h0326,XVIIe
ENCPOS_1979_03,h0854,pays de Caux
ENCPOS_1979_06,h1744,Forqueray
ENCPOS_1979_11,h2457,abbaye de Pontigny
ENCPOS_1979_15,h3078,Paris
ENCPOS_1979_15,h3078,l'Empire
ENCPOS_1980_02,h0275,Oratoire
ENCPOS_1980_03,h0312,Montpellier
ENCPOS_1980_03,h0312,Languedoc
ENCPOS_1980_03,h0312,XVe siècle
ENCPOS_1980_04,h0639,Toulouse
ENCPOS_1980_05,h0727,Roussillon
ENCPOS_1980_05,h0727,XVe
ENCPOS_1980_05,h0727,XVIIIe
ENCPOS_1980_06,h1088,Assistance
ENCPOS_1980_06,h1088,la Rochelle
ENCPOS_1980_06,h1088,XVIIIe
ENCPOS_1980_09,h1258,Paris
ENCPOS_1980_10,h1423,Paris
ENCPOS_1980_10,h1423,XVIIe siècle
ENCPOS_1980_12,h1592,XVe siècle
ENCPOS_1980_15,h2094,Montpellier
ENCPOS_1980_15,h2094,Moyen
ENCPOS_1980_16,h2453,Hetzel
ENCPOS_1980_17,h2648,Quercy
ENCPOS_1980_19,h3010,Fontainebleau
ENCPOS_1980_20,h3016,Nice
ENCPOS_1981_02,h0175,Finistère
ENCPOS_1981_04,h0447,Nantais
ENCPOS_1981_04,h0447,Loire
ENCPOS_1981_04,h0447,Herbauge
ENCPOS_1981_05,h0686,Sully-sur-Loire
ENCPOS_1981_07,h0774,pays d'Auge
ENCPOS_1981_08,h0810,Eure
ENCPOS_1981_09,h0911,Douai
ENCPOS_1981_11,h1213,Lorraine
ENCPOS_1981_13,h1483,Beauvais
ENCPOS_1981_13,h1483,Noyon
ENCPOS_1981_14,h1507,de France
ENCPOS_1981_15,h1646,Paris
ENCPOS_1981_18,h2330,Sologne
ENCPOS_1981_20,h2466,Centenaire de la Révolution française
ENCPOS_1982_01,h0111,Oise
ENCPOS_1982_02,h0183,de France
ENCPOS_1982_04,h0330,Angers
ENCPOS_1982_05,h0519,de France
ENCPOS_1982_06,h0737,Bretagne
ENCPOS_1982_08,h1437,Montpellier
ENCPOS_1982_08,h1437,XIVe
ENCPOS_1982_10,h1676,Crète
ENCPOS_1982_12,h2255,abbaye Saint-Pierre
ENCPOS_1982_12,h2255,Corbie
ENCPOS_1982_13,h2297,Constantinople
ENCPOS_1982_14,h2333,Hôpitaux
ENCPOS_1982_14,h2333,Rodez
ENCPOS_1982_14,h2333,XIVe
ENCPOS_1982_15,h2332,Rennes
ENCPOS_1982_15,h2332,XVIIIe
ENCPOS_1982_17,h2609,Joseph
ENCPOS_1982_17,h2609,Estoire del saint Graal
ENCPOS_1982_17,h2609,XIVe
ENCPOS_1982_18,h2945,Paris
ENCPOS_1982_19,h2956,la France
ENCPOS_1982_19,h2956,Canada
ENCPOS_1983_02,h0360,Paris
ENCPOS_1983_03,h0445,Soissons
ENCPOS_1983_03,h0445,XIe-XIIe
ENCPOS_1983_05,h0549,Français
ENCPOS_1983_05,h0549,Russie
ENCPOS_1983_05,h0549,XVIIIe
ENCPOS_1983_06,h0757,Lyon
ENCPOS_1983_07,h0818,sénéchaussée de Toulouse
ENCPOS_1983_08,h0834,Château des Pucelles
ENCPOS_1983_09,h0837,port de
ENCPOS_1983_09,h0837,Toulon
ENCPOS_1983_10,h1319,Suède
ENCPOS_1983_11,h1376,Mirecourt
ENCPOS_1983_12,h1603,Flandre
ENCPOS_1983_12,h1603,Allemagne
ENCPOS_1983_13,h1857,Brest
ENCPOS_1983_14,h2019,Pont-à-Mousson
ENCPOS_1983_16,h2074,XVIIIe
ENCPOS_1984_03,h1055,David
ENCPOS_1984_03,h1055,Aix-en-Provence
ENCPOS_1984_03,h1055,XVIIIe
ENCPOS_1984_05,h1365,monastère de la Trinité-Saint-Serge à
ENCPOS_1984_05,h1365,Zagorsk
ENCPOS_1984_07,h1600,Saint-Germain-des-Prés
ENCPOS_1984_08,h1637,Limoges
ENCPOS_1984_09,h1748,XIVe
ENCPOS_1984_10,h1941,Renaissance
ENCPOS_1984_11,h2046,France
ENCPOS_1984_12,h2100,Ouest parisien
ENCPOS_1984_12,h2100,Moyen
ENCPOS_1984_14,h2154,Mende
ENCPOS_1984_15,h2277,Tournon
ENCPOS_1984_16,h2902,Éditions Montaigne
ENCPOS_1984_18,h2997,Terres australes
ENCPOS_1985_02,h0256,diocèse de Sens
ENCPOS_1985_03,h0406,Églises de Gaules
ENCPOS_1985_04,h0626,collège de Navarre
ENCPOS_1985_05,h0684,État
ENCPOS_1985_06,h1419,Poitou
ENCPOS_1985_07,h1472,Paris
ENCPOS_1985_08,h1881,Paris
ENCPOS_1985_08,h1881,République conquérante
ENCPOS_1985_09,h1912,Sainctyon
ENCPOS_1985_10,h1843,Pise
ENCPOS_1985_11,h1950,Mercure de France
ENCPOS_1985_12,h2167,Rouen
ENCPOS_1985_14,h2344,XVIIIe
ENCPOS_1985_15,h2620,Toulouse
ENCPOS_1985_16,h2878,Guadeloupe
ENCPOS_1985_17,h0922,conservatoire de musique de
ENCPOS_1985_17,h0922,Paris
ENCPOS_1985_18,h2985,XVe siècle
ENCPOS_1986_01,h0024,Sion
ENCPOS_1986_01,h0024,Valais
ENCPOS_1986_03,h0566,Bouchardière de Jean de Courcy
ENCPOS_1986_04,h1081,Auvergne
ENCPOS_1986_05,h1083,Hôtel du roi
ENCPOS_1986_06,h1121,France
ENCPOS_1986_08,h1358,Saint-Domingue
ENCPOS_1986_08,h1358,XVIIIe
ENCPOS_1986_12,h1820,Paris
ENCPOS_1986_12,h1820,XVIIIe
ENCPOS_1986_13,h1821,De
ENCPOS_1986_15,h2336,collège Saint-Bernard de Paris
ENCPOS_1986_16,h2414,comté de Foix
ENCPOS_1986_17,h2506,la France
ENCPOS_1986_22,h2989,Notre-Dame de Paris
ENCPOS_1986_23,h3006,Empire ottoman
ENCPOS_1987_01,h0038,Toulouse
ENCPOS_1987_02,h0052,la France
ENCPOS_1987_03,h0068,XVIIIe
ENCPOS_1987_04,h0096,Melun
ENCPOS_1987_04,h0096,Poissy
ENCPOS_1987_04,h0096,Eysses
ENCPOS_1987_05,h0504,Uzès
ENCPOS_1987_05,h0504,Languedoc
ENCPOS_1987_05,h0504,XIIe
ENCPOS_1987_05,h0504,XVe siècle
ENCPOS_1987_06,h0697,duché de Bretagne
ENCPOS_1987_07,h0750,France
ENCPOS_1987_07,h0750,Moyen
ENCPOS_1987_07,h0750,Reims
ENCPOS_1987_07,h0750,Sens
ENCPOS_1987_08,h0907,Bourges
ENCPOS_1987_09,h1051,Paris
ENCPOS_1987_10,h1196,Levant
ENCPOS_1987_11,h1210,Tournehem
ENCPOS_1987_11,h1210,Arts
ENCPOS_1987_11,h1210,XVIIIe
ENCPOS_1987_12,h1235,Lyon
ENCPOS_1987_12,h1235,Philippines
ENCPOS_1987_12,h1235,1157–1308
ENCPOS_1987_14,h1755,Paris
ENCPOS_1987_14,h1755,Bibl
ENCPOS_1987_14,h1755,fr
ENCPOS_1987_15,h1764,Aragon
ENCPOS_1987_16,h1819,Anglais
ENCPOS_1987_17,h1864,Inde
ENCPOS_1987_19,h2335,la France
ENCPOS_1987_19,h2335,royaume de Tunis
ENCPOS_1987_21,h2779,abbaye Saint-Léger
ENCPOS_1987_21,h2779,Soissons
ENCPOS_1988_01,h0044,Sully
ENCPOS_1988_03,h0106,de France
ENCPOS_1988_03,h0106,Allemagne
ENCPOS_1988_04,h0236,diocèse de Toul
ENCPOS_1988_04,h0236,Lorraine
ENCPOS_1988_05,h0237,Paris
ENCPOS_1988_05,h0237,Petite Ceinture
ENCPOS_1988_06,h0792,États-Unis
ENCPOS_1988_08,h1197,Espagne
ENCPOS_1988_08,h1197,Inquisition
ENCPOS_1988_09,h1295,Beaujolais
ENCPOS_1988_09,h1295,Moyen
ENCPOS_1988_10,h1327,Limousin
ENCPOS_1988_11,h1665,Paris
ENCPOS_1988_11,h1665,XVIIIe
ENCPOS_1988_12,h1683,théâtre de la Gaîté
ENCPOS_1988_14,h2004,Strasbourg
ENCPOS_1988_14,h2004,XVe siècles
ENCPOS_1988_15,h2315,département de la Côte-d'Or
ENCPOS_1988_16,h2456,France
ENCPOS_1988_17,h2619,XVIIIe
ENCPOS_1988_18,h2668,Ille-et-Vilaine
ENCPOS_1988_20,h2836,Paris
ENCPOS_1988_21,h2838,La France
ENCPOS_1988_21,h2838,Italiens
ENCPOS_1988_22,h3031,Dauphiné
ENCPOS_1989_01,h0013,Toulouse
ENCPOS_1989_02,h0016,Uranie
ENCPOS_1989_02,h0016,Physicienne
ENCPOS_1989_03,h0135,Alger
ENCPOS_1989_03,h0135,République
ENCPOS_1989_04,h0353,du Cher
ENCPOS_1989_05,h0395,Lille
ENCPOS_1989_05,h0395,Valenciennes
ENCPOS_1989_05,h0395,Dunkerque
ENCPOS_1989_07,h0933,Paris
ENCPOS_1989_08,h1295,Beaujolais
ENCPOS_1989_08,h1295,Moyen
ENCPOS_1989_09,h1323,Montauban
ENCPOS_1989_10,h1377,Loire
ENCPOS_1989_10,h1377,Seine
ENCPOS_1989_11,h1429,Mutations
ENCPOS_1989_11,h1429,Avignon
ENCPOS_1989_12,h1648,Ribeaupierre
ENCPOS_1989_13,h1692,Paris
ENCPOS_1989_15,h1853,Chambre des comptes
ENCPOS_1989_16,h2003,Angleterre
ENCPOS_1989_16,h2003,Fachoda
ENCPOS_1989_18,h2214,abbé de Moissac
ENCPOS_1989_20,h2535,abbaye de Savigny
ENCPOS_1989_20,h2535,Avranches
ENCPOS_1989_21,h2667,côte de Seine
ENCPOS_1989_22,h2820,Valenciennes
ENCPOS_1989_22,h2820,XVe siècle
ENCPOS_1990_03,h0584,Paris
ENCPOS_1990_04,h0597,France
ENCPOS_1990_06,h0644,Haut-Quercy
ENCPOS_1990_06,h0644,XIIIe
ENCPOS_1990_07,h0924,Ozias
ENCPOS_1990_09,h1236,Paris
ENCPOS_1990_10,h2940,France
ENCPOS_1990_11,h1427,Glossaires
ENCPOS_1990_11,h1427,Moyen
ENCPOS_1990_11,h1427,Montpellier
ENCPOS_1990_12,h1706,de France
ENCPOS_1990_12,h1706,XVe siècle
ENCPOS_1990_13,h2011,Alençon
ENCPOS_1990_17,h2832,abbaye Saint-Amand
ENCPOS_1990_18,h2930,La France
ENCPOS_1990_18,h2930,Levant
ENCPOS_1991_01,h0095,de France
ENCPOS_1991_01,h0095,Paris
ENCPOS_1991_02,h0131,Montauban
ENCPOS_1991_04,h0428,Librairie
ENCPOS_1991_04,h0428,Toulouse
ENCPOS_1991_05,h0581,Normandie
ENCPOS_1991_06,h1000,abbaye de Saint-Quentin de Beauvais
ENCPOS_1991_06,h1000,XIe-XIIIe
ENCPOS_1991_07,h1116,diocèse de Carcassonne
ENCPOS_1991_10,h1300,maison Briansiaux
ENCPOS_1991_13,h1460,XIVe
ENCPOS_1991_14,h1554,Assistance
ENCPOS_1991_14,h1554,hôpital général de
ENCPOS_1991_15,h1627,de Lille
ENCPOS_1991_18,h2012,Chanoines
ENCPOS_1991_18,h2012,cathédrale de
ENCPOS_1991_19,h2484,Sainte-Chapelle de Bourges
ENCPOS_1991_19,h2484,XVe-XVIe
ENCPOS_1991_20,h2490,Abbaye-aux-Bois
ENCPOS_1991_20,h2490,Picardie
ENCPOS_1991_23,h2726,France
ENCPOS_1991_23,h2726,Paris
ENCPOS_1991_23,h2726,Saint-Germain-en-Laye
ENCPOS_1991_24,h2828,de Bourges
ENCPOS_1991_25,h2930,La France
ENCPOS_1991_25,h2930,Levant
ENCPOS_1992_01,h0088,Musée du Louvre
ENCPOS_1992_02,h0159,XVe siècle
ENCPOS_1992_03,h0181,Rouergue
ENCPOS_1992_03,h0181,Xe-XIe
ENCPOS_1992_06,h0734,théâtre du Vaudeville de 1848
ENCPOS_1992_07,h0934,Île-de-France
ENCPOS_1992_07,h0934,Haute-Normandie
ENCPOS_1992_07,h0934,Montfort-l
ENCPOS_1992_07,h0934,comtes d'Évreux
ENCPOS_1992_09,h1052,la France
ENCPOS_1992_10,h1086,Premier Empire
ENCPOS_1992_11,h1185,XVe siècle
ENCPOS_1992_12,h1555,de Saint-Denis
ENCPOS_1992_12,h1555,France
ENCPOS_1992_14,h1816,Paris
ENCPOS_1992_14,h1816,XVIe siècle
ENCPOS_1992_17,h2082,XIVe-XVe siècles
ENCPOS_1992_17,h2082,Lemozi
ENCPOS_1992_18,h2228,Tarn
ENCPOS_1992_20,h2639,la France
ENCPOS_1992_21,h2664,Noyon
ENCPOS_1992_22,h2693,Lille
ENCPOS_1992_23,h2864,France
ENCPOS_1993_02,h0302,XIVe
ENCPOS_1993_06,h0868,états du Dauphiné
ENCPOS_1993_07,h1147,Mannevilette
ENCPOS_1993_08,h1186,XIVe
ENCPOS_1993_10,h1540,Paris
ENCPOS_1993_11,h1564,abbaye de Saint-Denis-en-France
ENCPOS_1993_11,h1564,XVIIe
ENCPOS_1993_12,h1952,Defensorium
ENCPOS_1993_12,h1952,O.F.M.
ENCPOS_1993_13,h2462,Empire de Franconie
ENCPOS_1993_13,h2462,XVIIIe
ENCPOS_1993_16,h2595,Bellelay
ENCPOS_1993_18,h2673,Nouvelle Catalogne
ENCPOS_1993_18,h2673,Lérida
ENCPOS_1993_22,h3023,Bénédictines
ENCPOS_1993_22,h3023,Paris
ENCPOS_1993_24,h3095,Saint-Martin-des-Champs
ENCPOS_1993_24,h3095,Paris
ENCPOS_1994_01,h0180,Caderousse
ENCPOS_1994_02,h0226,abbaye de Chaalis
ENCPOS_1994_03,h0250,Lagarde
ENCPOS_1994_03,h0250,Toscane
ENCPOS_1994_04,h0452,comtesse de
ENCPOS_1994_04,h0452,Bar
ENCPOS_1994_05,h0551,Ardier
ENCPOS_1994_06,h0820,abbaye de Saint-Antoine-des-Champs
ENCPOS_1994_07,h0861,conservatoire de musique de Paris
ENCPOS_1994_08,h0942,France
ENCPOS_1994_09,h0975,du Doubs
ENCPOS_1994_10,h1059,Notre-Dame de Paris
ENCPOS_1994_11,h1399,Liste civile de Napoléon III
ENCPOS_1994_12,h1481,XIVe-XVe siècles
ENCPOS_1994_13,h1488,de Besançon
ENCPOS_1994_14,h1681,abbaye de Saint-Antoine
ENCPOS_1994_14,h1681,Vienne
ENCPOS_1994_14,h1681,Grenoble
ENCPOS_1994_14,h1681,XIVe-XVe siècles
ENCPOS_1994_15,h1889,cathédrale de Rouen
ENCPOS_1994_18,h2077,Noyon
ENCPOS_1994_18,h2077,XIe-XIIIe
ENCPOS_1994_20,h2497,Moyen
ENCPOS_1994_21,h2566,Tabard
ENCPOS_1994_21,h2566,Aubusson
ENCPOS_1994_23,h2646,duché d'Orléans
ENCPOS_1994_25,h2947,Normandie
ENCPOS_1994_26,h2995,Pays-Bas
ENCPOS_1994_26,h2995,Moyen
ENCPOS_1995_01,h0252,France
ENCPOS_1995_01,h0252,Sèvres
ENCPOS_1995_02,h0286,Canton de Poitiers
ENCPOS_1995_04,h0409,la France
ENCPOS_1995_04,h0409,Centre
ENCPOS_1995_05,h0451,La France
ENCPOS_1995_05,h0451,Allemagne
ENCPOS_1995_08,h0887,Rouergue
ENCPOS_1995_09,h0893,Coutances
ENCPOS_1995_10,h0929,Valenciennes
ENCPOS_1995_12,h1145,France
ENCPOS_1995_13,h1184,Sully-sur-Loire
ENCPOS_1995_13,h1184,Béthune
ENCPOS_1995_14,h1192,Bois de Vincennes
ENCPOS_1995_14,h1192,IXe
ENCPOS_1995_16,h1257,France
ENCPOS_1995_16,h1257,XVIIe
ENCPOS_1995_17,h1374,Premier Empire
ENCPOS_1995_20,h1597,Algérie
ENCPOS_1995_23,h1638,Porte de Paris
ENCPOS_1995_24,h1910,France
ENCPOS_1995_24,h1910,XVIIe siècle
ENCPOS_1995_25,h1975,Paris
ENCPOS_1995_26,h2142,Terrage
ENCPOS_1995_26,h2142,Hollande
ENCPOS_1995_27,h2417,État
ENCPOS_1995_28,h2470,diocèse de
ENCPOS_1995_28,h2470,Vannes
ENCPOS_1995_29,h2482,Mont-de-Piété
ENCPOS_1995_29,h2482,Paris
ENCPOS_1995_31,h2717,Nôtre
ENCPOS_1995_32,h2785,Châlons-sur-Marne
ENCPOS_1995_36,h3088,Troyes
ENCPOS_1995_36,h3088,Moyen
ENCPOS_1996_02,h0100,Libellus
ENCPOS_1996_02,h0100,Terre
ENCPOS_1996_03,h0274,Pacifique
ENCPOS_1996_04,h0299,Arles
ENCPOS_1996_05,h0503,Toulouse
ENCPOS_1996_05,h0503,Languedoc
ENCPOS_1996_06,h0541,Conciergerie
ENCPOS_1996_08,h0642,Moyen
ENCPOS_1996_10,h0746,Opéra de Paris
ENCPOS_1996_11,h0758,royaume de Sicile
ENCPOS_1996_11,h0758,Sanseverino
ENCPOS_1996_11,h0758,comtes de Tricarico
ENCPOS_1996_14,h0886,Rodez
ENCPOS_1996_17,h1351,Nay
ENCPOS_1996_17,h1351,Pau
ENCPOS_1996_18,h1433,Moyen
ENCPOS_1996_19,h1618,Rouen
ENCPOS_1996_19,h1618,latere
ENCPOS_1996_20,h1668,Paris
ENCPOS_1996_20,h1668,XVIIIe
ENCPOS_1996_21,h1792,Paris
ENCPOS_1996_21,h1792,XVIIIe
ENCPOS_1996_24,h1831,France
ENCPOS_1996_25,h1849,correspondance
ENCPOS_1996_28,h1292,Saint-Dominique
ENCPOS_1996_28,h1292,Brest
ENCPOS_1996_30,h2427,Saint-Sever
ENCPOS_1996_32,h2752,Conservatoire de musique de Paris
ENCPOS_1996_33,h0083,XVIIIe
ENCPOS_1996_34,h2810,Paris
ENCPOS_1996_34,h2810,Lyon
ENCPOS_1996_35,h2910,XIe-XIIIe
ENCPOS_1997_01,h0009,Lens
ENCPOS_1997_01,h0009,XIVe
ENCPOS_1997_01,h0009,XIVe siècles
ENCPOS_1997_03,h0093,anglomanie
ENCPOS_1997_03,h0093,France
ENCPOS_1997_05,h0166,abbaye de Saint-Maurice d
ENCPOS_1997_06,h0203,Levant
ENCPOS_1997_06,h0203,Chypre
ENCPOS_1997_07,h0244,XVe siècle
ENCPOS_1997_08,h0262,Trois-Fontaine
ENCPOS_1997_09,h0341,Paris
ENCPOS_1997_10,h0384,département de l'Arno
ENCPOS_1997_11,h0449,Nivernais
ENCPOS_1997_15,h0923,Basse-Auvergne
ENCPOS_1997_16,h1041,Victorine
ENCPOS_1997_17,h1043,Romuleon de Benvenuto da Imola
ENCPOS_1997_18,h2240,Paris
ENCPOS_1997_19,h1276,ciné-clubs
ENCPOS_1997_19,h1276,Paris
ENCPOS_1997_20,h1294,Auxerre
ENCPOS_1997_21,h1299,la France
ENCPOS_1997_21,h1299,Mitteleuropa
ENCPOS_1997_23,h1563,Paris
ENCPOS_1997_23,h1563,XIXe-XXe siècles
ENCPOS_1997_25,h1613,Lorgues
ENCPOS_1997_25,h1613,Var
ENCPOS_1997_27,h1807,Luxembourg
ENCPOS_1997_28,h1826,Maurepas
ENCPOS_1997_29,h1840,Bouthillier
ENCPOS_1997_31,h2087,canton de Fayence
ENCPOS_1997_31,h2087,Var
ENCPOS_1997_34,h2377,Pampelune
ENCPOS_1997_34,h2377,Navarre
ENCPOS_1997_38,h2773,de Saint-Denis
ENCPOS_1997_40,h2892,vallée de la
ENCPOS_1997_40,h2892,Amiens
ENCPOS_1997_40,h2892,Saint-Valery-sur-Somme
ENCPOS_1997_41,h2994,de France
ENCPOS_1997_41,h2994,Angleterre
ENCPOS_1998_01,h0118,Libye
ENCPOS_1998_02,h0123,La Favorite
ENCPOS_1998_02,h0123,Artémise
ENCPOS_1998_03,h0298,Paris
ENCPOS_1998_04,h0324,Rognes
ENCPOS_1998_04,h0324,XVe
ENCPOS_1998_07,h0384,Toscane
ENCPOS_1998_08,h0450,Kervélégan
ENCPOS_1998_10,h0671,de France
ENCPOS_1998_10,h0671,Angleterre
ENCPOS_1998_11,h0769,Avaray
ENCPOS_1998_11,h0769,de France
ENCPOS_1998_11,h0769,Suisse
ENCPOS_1998_12,h0809,Champagne
ENCPOS_1998_13,h1312,Stasbourg
ENCPOS_1998_13,h1312,Empire allemand
ENCPOS_1998_18,h1558,Saint-Domingue
ENCPOS_1998_18,h1558,XVIIIe
ENCPOS_1998_19,h1612,Baccius
ENCPOS_1998_19,h1612,Lientrude
ENCPOS_1998_19,h1612,Euchaire
ENCPOS_1998_19,h1612,Libaire
ENCPOS_1998_19,h1612,Menne
ENCPOS_1998_19,h1612,Suzanne
ENCPOS_1998_20,h1675,La France
ENCPOS_1998_20,h1675,Pologne de Versailles
ENCPOS_1998_20,h1675,Locarno
ENCPOS_1998_24,h2236,Paris
ENCPOS_1998_26,h2340,Canada
ENCPOS_1998_28,h2455,Strasbourg
ENCPOS_1998_29,h2700,Moyen
ENCPOS_1998_30,h2727,la France
ENCPOS_1998_31,h1639,Brest
ENCPOS_1998_33,h2858,Dalmatie
ENCPOS_1998_33,h2858,Croatie
ENCPOS_1998_34,h2970,Strasbourg
ENCPOS_1998_35,h3038,abbaye de Clairvaux
ENCPOS_1999_02,h0014,La France
ENCPOS_1999_02,h0014,Extrême-Orient
ENCPOS_1999_03,h0053,Paris
ENCPOS_1999_04,h0067,Lorraine
ENCPOS_1999_04,h0067,seigneurie d'Apremont
ENCPOS_1999_06,h0170,France
ENCPOS_1999_07,h0273,Paris-Soir
ENCPOS_1999_11,h0508,France
ENCPOS_1999_14,h0607,Alençon
ENCPOS_1999_16,h0622,Egypte
ENCPOS_1999_18,h0638,comté de Dammartin-en-Goële
ENCPOS_1999_18,h0638,Moyen
ENCPOS_1999_19,h0665,XVe siècle
ENCPOS_1999_20,h1091,XIVe
ENCPOS_1999_26,h1313,France
ENCPOS_1999_27,h1329,Arras
ENCPOS_1999_28,h1491,cathédrale de Bourges
ENCPOS_1999_29,h1500,XVe siècle
ENCPOS_1999_29,h1500,Coëtivy
ENCPOS_1999_32,h1868,Mayence
ENCPOS_1999_32,h1868,Paris
ENCPOS_1999_34,h1991,Guise
ENCPOS_1999_38,h2293,Toulouse
ENCPOS_1999_38,h2293,XVe siècle
ENCPOS_1999_39,h2299,Saintonge
ENCPOS_1999_39,h2299,Aunis
ENCPOS_1999_40,h2372,Paris
ENCPOS_1999_41,h2442,duché de Genevois
ENCPOS_1999_42,h2725,Saint-Pierre de Préaux
ENCPOS_1999_44,h2980,communauté urbaine de la cité de Toul
ENCPOS_1999_44,h2980,XIVe
ENCPOS_2000_01,h0144,Saint-Pétersbourg
ENCPOS_2000_01,h0144,Moujik
ENCPOS_2000_04,h0284,France
ENCPOS_2000_05,h0325,Crète
ENCPOS_2000_07,h0464,Gaule
ENCPOS_2000_10,h0622,Egypte
ENCPOS_2000_13,h0752,Carmes
ENCPOS_2000_13,h0752,Paris
ENCPOS_2000_13,h0752,Charenton
ENCPOS_2000_14,h0841,Grignon
ENCPOS_2000_18,h1176,cathédrale de
ENCPOS_2000_18,h1176,XIe-XIVe 
ENCPOS_2000_19,h1225,maison Fourdinois
ENCPOS_2000_19,h1225,France
ENCPOS_2000_21,h1629,France
ENCPOS_2000_24,h1793,Guiron
ENCPOS_2000_24,h1793,Bibl
ENCPOS_2000_24,h1793,Fr
ENCPOS_2000_25,h1902,Troyes
ENCPOS_2000_25,h1902,Bibl
ENCPOS_2000_26,h1939,Soissons
ENCPOS_2000_27,h1976,Floride
ENCPOS_2000_30,h2367,Poésie française
ENCPOS_2000_30,h2367,ca.1435-ap
ENCPOS_2000_31,h2374,Sénégal
ENCPOS_2000_32,h2911,Albi
ENCPOS_2000_33,h3033,la France
ENCPOS_2000_33,h3033,Etat
ENCPOS_2000_34,h3039,la Chine
ENCPOS_2000_35,h3072,l'Italie
ENCPOS_2001_01,h0208,Mathurins
ENCPOS_2001_01,h0208,Paris
ENCPOS_2001_03,h0807,Paris
ENCPOS_2001_04,h0857,Moyen
ENCPOS_2001_04,h0857,Flandre française
ENCPOS_2001_05,h0872,France
ENCPOS_2001_08,h1283,Hec
ENCPOS_2001_09,h1439,hôtel Saint-Paul
ENCPOS_2001_09,h1439,Paris
ENCPOS_2001_10,h1581,Français
ENCPOS_2001_10,h1581,Hawaii
ENCPOS_2001_11,h1635,Bibl
ENCPOS_2001_11,h1635,de France
ENCPOS_2001_11,h1635,Baluze
ENCPOS_2001_12,h1949,France
ENCPOS_2001_15,h2246,de France
ENCPOS_2001_16,h2533,Beaux-arts
ENCPOS_2001_16,h2533,Vichy
ENCPOS_2001_17,h2588,Paris
ENCPOS_2001_17,h2588,Poitiers
ENCPOS_2001_20,h2674,Rome
ENCPOS_2001_21,h2684,XIVe
ENCPOS_2001_22,h2751,Bourgogne
ENCPOS_2001_22,h2751,Nancy
ENCPOS_2001_24,h3108,château de Vincennes
ENCPOS_2002_02,h0568,XIVe
ENCPOS_2002_03,h0635,Senlis
ENCPOS_2002_04,h0656,France
ENCPOS_2002_04,h0656,Empirie
ENCPOS_2002_05,h1093,Laon
ENCPOS_2002_05,h1093,XVe siècles
ENCPOS_2002_06,h1286,ducs de Bourbon
ENCPOS_2002_10,h1466,la France
ENCPOS_2002_11,h1560,Fr
ENCPOS_2002_14,h1927,Norvège
ENCPOS_2002_14,h1927,Îles britanniques
ENCPOS_2002_15,h1990,Chaillot
ENCPOS_2002_15,h1990,Bas-Passy
ENCPOS_2002_15,h1990,Ternes
ENCPOS_2002_15,h1990,Batignolles
ENCPOS_2002_16,h2020,Sélestat
ENCPOS_2002_16,h2020,XVIIIe
ENCPOS_2002_17,h2024,Perrette
ENCPOS_2002_18,h2066,Orne
ENCPOS_2002_20,h2221,Hôtel du roi de France
ENCPOS_2002_24,h2306,ca.1495-1552
ENCPOS_2002_25,h2425,État
ENCPOS_2002_29,h2868,abbaye cistercienne de
ENCPOS_2002_29,h2868,Fontenay
ENCPOS_2002_29,h2868,Côte-d'Or
ENCPOS_2002_30,h2870,Marais poitevin
ENCPOS_2002_31,h3021,monastère Saint-Jean Prodrome
ENCPOS_2002_31,h3021,Ménoikion
ENCPOS_2003_03,h0420,Testamenti
ENCPOS_2003_07,h0824,Copier
ENCPOS_2003_07,h0824,XVe
ENCPOS_2003_07,h0824,Estoire del saint Graal
ENCPOS_2003_07,h0824,brux
ENCPOS_2003_08,h0835,Extrême-Orient
ENCPOS_2003_09,h0873,France
ENCPOS_2003_12,h1239,abbaye de Saint-Denis
ENCPOS_2003_14,h1311,Moyen
ENCPOS_2003_14,h1311,hôtel-Dieu Saint-Nicolas de Troyes
ENCPOS_2003_14,h1311,XVe siècle
ENCPOS_2003_16,h1496,Rouen 
ENCPOS_2003_16,h1496,Harelle
ENCPOS_2003_17,h1997,L'Imprimerie
ENCPOS_2003_20,h2656,BNF lat
ENCPOS_2003_20,h2656,ca.1030
ENCPOS_2003_23,h2941,comté de Toulouse
ENCPOS_2003_23,h2941,Dourgne
ENCPOS_2003_23,h2941,Puylaurens
ENCPOS_2003_23,h2941,Bessières
ENCPOS_2003_23,h2941,Buzet
ENCPOS_2004_01,h0121,Avignon
ENCPOS_2004_01,h0121,Avignon
ENCPOS_2004_01,h0121,Pont-de-Sorgues
ENCPOS_2004_01,h0121,Villeneuve
ENCPOS_2004_03,h0227,Avignon
ENCPOS_2004_03,h0227,Chambre apostolique
ENCPOS_2004_05,h0533,France
ENCPOS_2004_05,h0533,xe-xve
ENCPOS_2004_06,h0655,XVIIIe
ENCPOS_2004_09,h1035,Occident
ENCPOS_2004_09,h1035,xiie-xve
ENCPOS_2004_09,h1035,Moyen
ENCPOS_2004_11,h1303,estuaire de la
ENCPOS_2004_12,h1346,Venise
ENCPOS_2004_13,h1363,Paris
ENCPOS_2004_15,h1869,Paris
ENCPOS_2004_16,h1938,France du Nord
ENCPOS_2004_16,h1938,XIVe
ENCPOS_2004_17,h2187,saluts du Saint-Sacrement
ENCPOS_2004_17,h2187,France
ENCPOS_2004_18,h2188,ca.1500- ca.1620
ENCPOS_2004_19,h2347,Images
ENCPOS_2004_19,h2347,château de Versailles
ENCPOS_2004_20,h2499,Pro
ENCPOS_2004_23,h2797,Alsace-Lorraine
ENCPOS_2004_23,h2797,Est
ENCPOS_2004_24,h2804,Strasbourg
ENCPOS_2004_26,h2896,Paris
ENCPOS_2004_26,h2896,Musée d'art moderne de la Ville de Paris
ENCPOS_2005_02,h0247,Lisieux
ENCPOS_2005_03,h0295,Toulouse
ENCPOS_2005_03,h0295,Moyen
ENCPOS_2005_04,h0543,Image
ENCPOS_2005_05,h0600,Palladio
ENCPOS_2005_07,h0811,Conciergerie
ENCPOS_2005_08,h1141,Le Verrier
ENCPOS_2005_09,h1159,Limoges
ENCPOS_2005_10,h1369,abbaye de Lessay
ENCPOS_2005_11,h1398,XVIe 
ENCPOS_2005_12,h1533,Châlons
ENCPOS_2005_14,h1948,Limoges
ENCPOS_2005_15,h2162,AOF
ENCPOS_2005_16,h2324,Douai
ENCPOS_2005_16,h2324,Moyen
ENCPOS_2005_17,h2359,Audenarde
ENCPOS_2005_18,h2480,France
ENCPOS_2005_19,h2593,Puisaye
ENCPOS_2005_19,h2593,XIVe-XVe siècles
ENCPOS_2005_21,h2686,Normandie
ENCPOS_2005_21,h2686,XIe-XIIe siècles
ENCPOS_2005_24,h2801,France
ENCPOS_2005_24,h2801,Radio-Luxembourg
ENCPOS_2005_27,h3093,Chine
ENCPOS_2005_27,h3093,Sichuan
ENCPOS_2006_01,h0137,Congo
ENCPOS_2006_03,h0283,abbaye Saint-Pierre-aux-Nonnains de Metz
ENCPOS_2006_03,h0283,BNF lat
ENCPOS_2006_04,h0301,France
ENCPOS_2006_05,h0317,Avignon
ENCPOS_2006_05,h0317,Moyen Age
ENCPOS_2006_05,h0317,Avignon
ENCPOS_2006_06,h0354,Jura
ENCPOS_2006_07,h0371,Etat
ENCPOS_2006_09,h0556,Paris
ENCPOS_2006_10,h0614,Finances
ENCPOS_2006_13,h0995,Polignac
ENCPOS_2006_13,h0995,Velay
ENCPOS_2006_17,h1751,Russie
ENCPOS_2006_17,h1751,XVIIIe
ENCPOS_2006_20,h2641,Chantiers de France
ENCPOS_2006_20,h2641,Dunkerque(1945
ENCPOS_2006_22,h2758,Corrèze
ENCPOS_2006_24,h2925,Bénévent
ENCPOS_2006_24,h2925,Spolète
ENCPOS_2006_25,h3114,la France
ENCPOS_2007_01,h0034,Cirque d'Hiver
ENCPOS_2007_03,h0109,Augustins
ENCPOS_2007_03,h0109,Notre-Dame-des-Victoires
ENCPOS_2007_05,h0352,Rodez
ENCPOS_2007_05,h0352,XIVe
ENCPOS_2007_06,h0534,Romain
ENCPOS_2007_07,h0611,Paris
ENCPOS_2007_07,h0611,XVe siècle
ENCPOS_2007_08,h0634,France
ENCPOS_2007_10,h0970,Açores
ENCPOS_2007_13,h1112,Procureur
ENCPOS_2007_13,h1112,Paris
ENCPOS_2007_13,h1112,Macao
ENCPOS_2007_13,h1112,Hong Kong
ENCPOS_2007_16,h2140,État des Affaires étrangères
ENCPOS_2007_17,h2269,Hôtel de Saint Louis
ENCPOS_2007_19,h2477,Grèce
ENCPOS_2007_21,h2665,Boulogne-sur-Mer
ENCPOS_2007_21,h2665,BM
ENCPOS_2007_23,h1790,Chine
ENCPOS_2007_24,h2876,Saint-Antoine-des-Champs
ENCPOS_2007_25,h3098,France
ENCPOS_2007_25,h3098,XIVe
ENCPOS_2008_01,h0127,Malesherbes
ENCPOS_2008_02,h0190,la France
ENCPOS_2008_02,h0190,Angleterre
ENCPOS_2008_02,h0190,Pays-Bas
ENCPOS_2008_03,h0206,Paris
ENCPOS_2008_04,h0219,Saint-Denis
ENCPOS_2008_05,h0511,État
ENCPOS_2008_06,h0562,l'Empire
ENCPOS_2008_06,h0562,Paris
ENCPOS_2008_08,h0612,Poitou
ENCPOS_2008_08,h0612,Saintonge
ENCPOS_2008_11,h0776,paris
ENCPOS_2008_12,h0879,État
ENCPOS_2008_15,h0992,Louisiane française
ENCPOS_2008_15,h0992,XVIIIe
ENCPOS_2008_17,h1150,l'Italie
ENCPOS_2008_17,h1150,Égypte
ENCPOS_2008_17,h1150,Beaux-arts
ENCPOS_2008_18,h1617,Franche
ENCPOS_2008_18,h1617,XVIIIe
ENCPOS_2008_19,h1625,Grande-Bretagne
ENCPOS_2008_19,h1625,Grande-Bretagne
ENCPOS_2008_19,h1625,Marché commun
ENCPOS_2008_20,h1680,Corée
ENCPOS_2008_22,h1887,Ad majorem regis
ENCPOS_2008_23,h2049,Italie
ENCPOS_2008_23,h2049,l'Europe
ENCPOS_2008_25,h2735,Célestins
ENCPOS_2008_25,h2735,Moyen
ENCPOS_2008_27,h2843,Francie occidentale
ENCPOS_2009_01,h0018,Toulouse
ENCPOS_2009_05,h0174,Saint-Omer
ENCPOS_2009_06,h0293,Photographes
ENCPOS_2009_06,h0293,Berchtesgaden
ENCPOS_2009_07,h0740,abbaye du Mont-Saint-Michel
ENCPOS_2009_09,h0891,Marseille
ENCPOS_2009_09,h0891,Antilles
ENCPOS_2009_10,h1071,abbaye Sainte-Geneviève
ENCPOS_2009_10,h1071,Paris
ENCPOS_2009_11,h1100,Notaires
ENCPOS_2009_11,h1100,bas-Dauphiné
ENCPOS_2009_14,h1234,Paris
ENCPOS_2009_15,h1345,Paris
ENCPOS_2009_15,h1345,XVIIIe
ENCPOS_2009_16,h1467,Rome
ENCPOS_2009_17,h1654,abbaye Saint-Oyend-de-Joux
ENCPOS_2009_17,h1654,Saint-Claude
ENCPOS_2009_19,h2006,Grand
ENCPOS_2009_22,h2586,Mont-Cassin
ENCPOS_2009_23,h2603,Hollande
ENCPOS_2009_25,h2694,XIVe 
ENCPOS_2009_28,h3003,Caulaincourt
ENCPOS_2009_28,h3003,Saint-Pétersbourg
ENCPOS_2010_01,h0049,Aunis
ENCPOS_2010_02,h0217,Notre-Dame-de-Bayeux
ENCPOS_2010_02,h0217,Paris
ENCPOS_2010_02,h0217,XIVe-XVe siècles
ENCPOS_2010_05,h0392,Deûle
ENCPOS_2010_05,h0392,Lille
ENCPOS_2010_06,h0506,Limoges
ENCPOS_2010_07,h0632,la France
ENCPOS_2010_08,h0724,Bordelais
ENCPOS_2010_08,h0724,Bordeaux
ENCPOS_2010_09,h0798,Toulouse
ENCPOS_2010_09,h0798,Toulouse
ENCPOS_2010_10,h0816,Moyen
ENCPOS_2010_11,h0880,La France
ENCPOS_2010_11,h0880,Présidence
ENCPOS_2010_12,h0931,XVIIIe
ENCPOS_2010_15,h1749,Ruiz-Bonvisi
ENCPOS_2010_16,h1774,Asseoir
ENCPOS_2010_16,h1774,Normandie
ENCPOS_2010_17,h1832,Moyen-Poitou
ENCPOS_2010_18,h2021,Grèce
ENCPOS_2010_18,h2021,Terre des Muses
ENCPOS_2010_19,h2035,France
ENCPOS_2010_21,h2649,Versailles
ENCPOS_2010_22,h2662,Détroit 
ENCPOS_2010_24,h2806,Leipzig
ENCPOS_2010_24,h2806,France
ENCPOS_2010_24,h2806,Allemagne
ENCPOS_2010_25,h2811,Catalogne
ENCPOS_2010_26,h3020,Carolingiens
ENCPOS_2010_28,h3083,Malesherbes
ENCPOS_2010_28,h3083,XVIIe siècle
ENCPOS_2011_03,h0232,Paris
ENCPOS_2011_04,h0337,XVIIIe
ENCPOS_2011_04,h0337,Usages
ENCPOS_2011_07,h0633,Grand Siècle
ENCPOS_2011_07,h0633,bibliothèque Méjanes d'
ENCPOS_2011_08,h0662,Usages
ENCPOS_2011_10,h0754,Marseille
ENCPOS_2011_10,h0754,XIVe
ENCPOS_2011_11,h0930,Cluny
ENCPOS_2011_11,h0930,Mariale
ENCPOS_2011_13,h1224,Avignon
ENCPOS_2011_14,h1232,Versailles
ENCPOS_2011_14,h1232,Marly
ENCPOS_2011_14,h1232,Saint-Cloud
ENCPOS_2011_14,h1232,Bellevue
ENCPOS_2011_16,h1349,Moyen
ENCPOS_2011_17,h1476,France
ENCPOS_2011_18,h1882,Renaissance
ENCPOS_2011_19,h2083,Nivernais
ENCPOS_2011_20,h2165,Gévaudan
ENCPOS_2011_20,h2165,Mende
ENCPOS_2011_20,h2165,roi de France
ENCPOS_2011_21,h2467,Musée indochinois
ENCPOS_2012_02,h0766,Belle-Île
ENCPOS_2012_03,h0213,Moyen
ENCPOS_2012_04,h0290,abbaye de la Trinité de Fécamp
ENCPOS_2012_07,h0836,Moyen
ENCPOS_2012_08,h0912,Paris
ENCPOS_2012_11,h1146,État
ENCPOS_2012_12,h1274,Chapeaux
ENCPOS_2012_12,h1274,Paris
ENCPOS_2012_13,h1293,Rhône
ENCPOS_2012_13,h1293,H
ENCPOS_2012_15,h1760,XVIIIe
ENCPOS_2012_16,h1829,Troyes
ENCPOS_2012_17,h1933,France
ENCPOS_2012_19,h2117,Correspondance
ENCPOS_2012_20,h2196,République
ENCPOS_2012_21,h2206,Troie
ENCPOS_2012_21,h2206,XVe siècle
ENCPOS_2012_22,h2211,France
ENCPOS_2012_22,h2211,XVIIIe
ENCPOS_2012_22,h2211,hôpital des Incurables de Paris
ENCPOS_2012_24,h2942,Chine
ENCPOS_2012_24,h2942,Rome
ENCPOS_2012_25,h2979,de France
ENCPOS_2012_25,h2979,1559–1564
ENCPOS_2013_02,h0043,Chevalier
ENCPOS_2013_02,h0043,Dragon
ENCPOS_2013_05,h0375,État
ENCPOS_2013_05,h0375,Franche
ENCPOS_2013_06,h0613,Opéra de la rue Le Peletier
ENCPOS_2013_07,h0813,Paris
ENCPOS_2013_09,h0974,la France
ENCPOS_2013_10,h1022,l'Empire
ENCPOS_2013_11,h1720,Rome
ENCPOS_2013_11,h1720,Madrid
ENCPOS_2013_11,h1720,l'Europe
ENCPOS_2013_13,h1856,Basse-Normandie
ENCPOS_2013_13,h1856,XVIIIe
ENCPOS_2013_14,h1897,Suède
ENCPOS_2013_17,h2183,XVIIIe
ENCPOS_2013_17,h2183,Eure
ENCPOS_2013_17,h2183,Eure-et-Loir
ENCPOS_2013_18,h2564,Paris
ENCPOS_2013_18,h2564,XVIIIe
ENCPOS_2013_20,h2757,Languedoc
ENCPOS_2013_23,h2935,Garde-Meuble
ENCPOS_2013_23,h2935,l'Empire
ENCPOS_2013_24,h2937,XIVe
ENCPOS_2013_25,h3111,Paris
ENCPOS_2014_01,h0243,Lauragais
ENCPOS_2014_04,h0717,cathédrale de
ENCPOS_2014_05,h0812,La France
ENCPOS_2014_05,h0812,Venise
ENCPOS_2014_05,h0812,Biennale de Venise
ENCPOS_2014_06,h1194,La France
ENCPOS_2014_06,h1194,mer du Sud
ENCPOS_2014_06,h1194,Pacifique espagnol
ENCPOS_2014_07,h1219,Paris
ENCPOS_2014_09,h1335,Occident
ENCPOS_2014_10,h1366,la France
ENCPOS_2014_10,h1366,Savoie
ENCPOS_2014_11,h1497,la France
ENCPOS_2014_11,h1497,Villedieu-les-Poêles
ENCPOS_2014_12,h1694,France
ENCPOS_2014_14,h2054,Saint-Affrique
ENCPOS_2014_14,h2054,Rouergue
ENCPOS_2014_14,h2054,Moyen
ENCPOS_2014_16,h2445,Paris
ENCPOS_2014_16,h2445,Rome
ENCPOS_2014_17,h2585,Saint-Félix-de-Sorgues
ENCPOS_2014_17,h2585,Aveyron
ENCPOS_2014_17,h2585,XVe 
ENCPOS_2014_18,h2691,Analyse
ENCPOS_2014_19,h2743,Flandre
ENCPOS_2014_20,h2802,États-Unis
ENCPOS_2014_20,h2802,France
ENCPOS_2014_22,h2830,France
ENCPOS_2014_23,h2854,Cluny
ENCPOS_2014_25,h2969,Soleil
ENCPOS_2014_25,h2969,Bélier
ENCPOS_2014_25,h2969,l'Europe
ENCPOS_2014_25,h2969,XVe 
ENCPOS_2014_27,h3047,XVIIIe
ENCPOS_2014_28,h3113,Rome
ENCPOS_2015_03,h0460,la France
ENCPOS_2015_04,h0621,Catalogne française
ENCPOS_2015_07,h1102,fr
ENCPOS_2015_09,h1151,Opéra de Paris
ENCPOS_2015_10,h1212,Metz
ENCPOS_2015_10,h1212,Bas Moyen
ENCPOS_2015_11,h1561,Paris
ENCPOS_2015_11,h1561,–
ENCPOS_2015_12,h1610,Vauclair
ENCPOS_2015_12,h1610,Moyen
ENCPOS_2015_13,h1644,Ponts-et-Chaussées
ENCPOS_2015_15,h1847,Bibliothèque de la Pléiade
ENCPOS_2015_16,h1867,Strassburg
ENCPOS_2015_16,h1867,XVe 
ENCPOS_2015_16,h1867,Strasbourg
ENCPOS_2015_17,h2253,Sens
ENCPOS_2015_18,h2291,département de la Seine
ENCPOS_2015_19,h2331,Paris
ENCPOS_2015_21,h2410,Beauvais
ENCPOS_2015_21,h2410,Renaissance
ENCPOS_2015_21,h2410,Décor
ENCPOS_2015_25,h2886,Libellus
ENCPOS_2015_25,h2886,Archevêque
ENCPOS_2015_26,h3000,Verre
ENCPOS_2015_26,h3000,Paris
ENCPOS_2015_26,h3000,XVIe 
ENCPOS_2015_27,h3011,Grand Siècle
ENCPOS_2016_01,h0005,Tombes
ENCPOS_2016_02,h0187,Naf 6514)
ENCPOS_2016_03,h1753,Brunswick
ENCPOS_2016_04,h0875,Journal
ENCPOS_2016_05,h1010,François
ENCPOS_2016_05,h1010,fr
ENCPOS_2016_06,h1178,de France
ENCPOS_2016_07,h1588,Bière
ENCPOS_2016_07,h1588,XVIIIe
ENCPOS_2016_08,h1737,Moyen
ENCPOS_2016_08,h1737,– XVe
ENCPOS_2016_09,h1822,Rome
ENCPOS_2016_10,h1839,Rennes
ENCPOS_2016_11,h1928,Violoncelle
ENCPOS_2016_11,h1928,XVIIIe 
ENCPOS_2016_12,h1951,Saint-Alyre
ENCPOS_2016_13,h2284,Premier Empire
ENCPOS_2016_15,h2682,Roche
ENCPOS_2016_17,h2823,Renaissance 
ENCPOS_2016_19,h2888,Toulouse
ENCPOS_2016_20,h2933,Haute-Bretagne
ENCPOS_2017_02,h0189,XVIIIe
ENCPOS_2017_03,h0475,Paris
ENCPOS_2017_05,h0782,France
ENCPOS_2017_06,h0864,Sienne de Giuliano da Sangallo
ENCPOS_2017_07,h1018,Bordeaux 
ENCPOS_2017_07,h1018,XVIIIe
ENCPOS_2017_08,h1133,Castille
ENCPOS_2017_11,h1981,Neuwiller-lès-Saverne
ENCPOS_2017_17,h2825,laines
ENCPOS_2017_18,h2853,Venise
ENCPOS_2017_19,h2890,Lomagne
ENCPOS_2017_19,h2890,Moyen Âge
ENCPOS_2017_19,h2890,Escazeaux
